Record Block ID,Records ID,Beetle Host,Beetle Host IDs,pathogens,categories,organism source,infection site,ecological relationship,identification method,validation type,experimental conditions,country or region,year,source,title,doi or full text,full text
3cd970ea-0cac-8135-aae7-c97851869429,4,Dendroctonus frontalis,3cd970ea-0cac-81b5-b18d-f10167e662e3,Unikaryon minutum,Microsporidia,samples from traps,,,,,,United States,1979,"Atkinson and Wilkinson, 1979","Atkinson, T.H., Wilkinson, R.C., 1979. Microsporidian and nematode incidence in live-trapped and reared southern pine beetle adults. Fla. Entomol. 62, 169–175.",https://doi.org/10.2307/3494054,full text
3cd970ea-0cac-8180-b819-ccb7f638f633,82,Dendroctonus frontalis,3cd970ea-0cac-81b5-b18d-f10167e662e3,Unikaryon minutum,Microsporidia,isolated from infected beetle,,parasite,,,,United States,1987,"Bridges, 1987","Bridges, J.R., 1987. Prevalence of Unikaryon minutum (Microsporidia: Nosematidae) infection in outbreak populations of the southern pine beetle (Coleoptera: Scolytidae). J. Invertebr. Pathol. 49, 334–335.",https://doi.org/10.1016/0022-2011(87)90066-8,full text
3cd970ea-0cac-8174-b06e-e71f329e1db9,87,Ips typographus,3cd970ea-0cac-81e7-bd37-c7209a5601d7,Chytridiopsis typographi,Microsporidia,isolated from living or slowly moving beetle,midgut epithelium,pathogen,morphological,,,Georgia,2009,"Burjanadze and Goginashvili, 2009","Burjanadze, M., Goginashvili, N., 2009. Occurrence of pathogens and nematodes in the spruce bark beetle, Ips typographus (Col., Scolytidae) in Borjomi Gorge. Bull. Georgian Natl. Acad. Sci. 3, 145–150.",https://d1wqtxts1xzle7.cloudfront.net/80541653/Burjanadze-libre.pdf?1644445505=&response-content-disposition=inline%3B+filename%3DOccurrence_of_Pathogens_and_Nematodes_in.pdf&Expires=1784062403&Signature=cdSHDP6W-8t-Wv6V2fd80Dx7L2pnVZ3Cqzz4wgHLlQZKRYSoFucylQupqtbonH0~cQzLh39I~SqkkIkoyPm~YziOXlW2CE4SGqYV~1-AqjxokDVVEozqaNmqCNInsj1PzA9psQ6duraJCjXekSlphhJeXYhWYS2PjIEYIkTutlo26YTaAgxhwuol6t-wB1odyvoijdxdlljOItvNwMNYqzZZn8vRs4qQIgsHi9~3R1ueSnMFD8TqpMJiJCv2UfzwGYRHbgT5C87uW5ESTPfPOoieaUqP6AjcUPrCjEBOh-mZDiNpqoHlRCUZG8sm~kGAHI1gdoIZ91jVWKXzj7AScw__&Key-Pair-Id=APKAJLOHF5GGSLRBV4ZA,full text
3cd970ea-0cac-8161-8ebf-d16d64269ae3,91,Ips typographus,3cd970ea-0cac-81e7-bd37-c7209a5601d7,Nosema sp.,Microsporidia,isolated from living or slowly moving beetle,fat body,pathogen,morphological,,,Georgia,2009,"Burjanadze and Goginashvili, 2009","Burjanadze, M., Goginashvili, N., 2009. Occurrence of pathogens and nematodes in the spruce bark beetle, Ips typographus (Col., Scolytidae) in Borjomi Gorge. Bull. Georgian Natl. Acad. Sci. 3, 145–150.",https://d1wqtxts1xzle7.cloudfront.net/80541653/Burjanadze-libre.pdf?1644445505=&response-content-disposition=inline%3B+filename%3DOccurrence_of_Pathogens_and_Nematodes_in.pdf&Expires=1784062403&Signature=cdSHDP6W-8t-Wv6V2fd80Dx7L2pnVZ3Cqzz4wgHLlQZKRYSoFucylQupqtbonH0~cQzLh39I~SqkkIkoyPm~YziOXlW2CE4SGqYV~1-AqjxokDVVEozqaNmqCNInsj1PzA9psQ6duraJCjXekSlphhJeXYhWYS2PjIEYIkTutlo26YTaAgxhwuol6t-wB1odyvoijdxdlljOItvNwMNYqzZZn8vRs4qQIgsHi9~3R1ueSnMFD8TqpMJiJCv2UfzwGYRHbgT5C87uW5ESTPfPOoieaUqP6AjcUPrCjEBOh-mZDiNpqoHlRCUZG8sm~kGAHI1gdoIZ91jVWKXzj7AScw__&Key-Pair-Id=APKAJLOHF5GGSLRBV4ZA,full text
3cd970ea-0cac-8151-9f87-fecaf3158c4d,205,Ips typographus,3cd970ea-0cac-81e7-bd37-c7209a5601d7,Gregarina sp.,Microsporidia,evaluation of pathogen infections of all emerged beetles,,pathogen,morphological,,,Austria,2003,"Haidler et al., 2003","Haidler, B.,Wegensteiner, R., Weiser, J., 2003. Occurrence of microsporidia and other pathogens in associated living spruce bark beetles (Coleoptera: Scolytidae) in an Austrian forest. IOBC/wprs Bull. 26, 257–260.",https://www.researchgate.net/profile/Lelde-Grantina-Ievina/publication/236021337_Genetic_variation_among_Latvian_isolates_of_Beauveria_bassiana/links/0deec515d28777f878000000/Genetic-variation-among-Latvian-isolates-of-Beauveria-bassiana.pdf#page=277,full text
3cd970ea-0cac-81f6-ba3c-e5fd09403a88,206,Ips typographus,3cd970ea-0cac-81e7-bd37-c7209a5601d7,Chytridiopsis cf. typographi,Microsporidia,evaluation of pathogen infections of all emerged beetles,,pathogen,morphological,,,Austria,2003,"Haidler et al., 2003","Haidler, B.,Wegensteiner, R., Weiser, J., 2003. Occurrence of microsporidia and other pathogens in associated living spruce bark beetles (Coleoptera: Scolytidae) in an Austrian forest. IOBC/wprs Bull. 26, 257–260.",https://www.researchgate.net/profile/Lelde-Grantina-Ievina/publication/236021337_Genetic_variation_among_Latvian_isolates_of_Beauveria_bassiana/links/0deec515d28777f878000000/Genetic-variation-among-Latvian-isolates-of-Beauveria-bassiana.pdf#page=277,full text
3cd970ea-0cac-81fd-9ead-ee0c7e1c0440,208,Hylastes cunicularius,3cd970ea-0cac-8107-bd7c-ffe754efa813,Chytridiopsis cf. typographi,Microsporidia,evaluation of pathogen infections of all emerged beetles,,pathogen,morphological,,,Austria,2003,"Haidler et al., 2003","Haidler, B.,Wegensteiner, R., Weiser, J., 2003. Occurrence of microsporidia and other pathogens in associated living spruce bark beetles (Coleoptera: Scolytidae) in an Austrian forest. IOBC/wprs Bull. 26, 257–260.",https://www.researchgate.net/profile/Lelde-Grantina-Ievina/publication/236021337_Genetic_variation_among_Latvian_isolates_of_Beauveria_bassiana/links/0deec515d28777f878000000/Genetic-variation-among-Latvian-isolates-of-Beauveria-bassiana.pdf#page=277,full text
3cd970ea-0cac-8100-84f6-dc737939d10b,209,Hylastes cunicularius,3cd970ea-0cac-8107-bd7c-ffe754efa813,unidentified microsporidia,Microsporidia,evaluation of pathogen infections of all emerged beetles,,pathogen,morphological,,,Austria,2003,"Haidler et al., 2003","Haidler, B.,Wegensteiner, R., Weiser, J., 2003. Occurrence of microsporidia and other pathogens in associated living spruce bark beetles (Coleoptera: Scolytidae) in an Austrian forest. IOBC/wprs Bull. 26, 257–260.",https://www.researchgate.net/profile/Lelde-Grantina-Ievina/publication/236021337_Genetic_variation_among_Latvian_isolates_of_Beauveria_bassiana/links/0deec515d28777f878000000/Genetic-variation-among-Latvian-isolates-of-Beauveria-bassiana.pdf#page=277,full text
3cd970ea-0cac-81a1-adeb-ff820d280c8b,210,Hylurgops glabratus,3cd970ea-0cac-8114-b685-f25497a409df,Malamoeba scolyti,Microsporidia,evaluation of pathogen infections of all emerged beetles,,pathogen,morphological,,,Austria,2003,"Haidler et al., 2003","Haidler, B.,Wegensteiner, R., Weiser, J., 2003. Occurrence of microsporidia and other pathogens in associated living spruce bark beetles (Coleoptera: Scolytidae) in an Austrian forest. IOBC/wprs Bull. 26, 257–260.",https://www.researchgate.net/profile/Lelde-Grantina-Ievina/publication/236021337_Genetic_variation_among_Latvian_isolates_of_Beauveria_bassiana/links/0deec515d28777f878000000/Genetic-variation-among-Latvian-isolates-of-Beauveria-bassiana.pdf#page=277,full text
3cd970ea-0cac-8184-90f7-d4b167d0a0e9,212,Hylurgops glabratus,3cd970ea-0cac-8114-b685-f25497a409df,Chytridiopsis cf. typographi,Microsporidia,evaluation of pathogen infections of all emerged beetles,,pathogen,morphological,,,Austria,2003,"Haidler et al., 2003","Haidler, B.,Wegensteiner, R., Weiser, J., 2003. Occurrence of microsporidia and other pathogens in associated living spruce bark beetles (Coleoptera: Scolytidae) in an Austrian forest. IOBC/wprs Bull. 26, 257–260.",https://www.researchgate.net/profile/Lelde-Grantina-Ievina/publication/236021337_Genetic_variation_among_Latvian_isolates_of_Beauveria_bassiana/links/0deec515d28777f878000000/Genetic-variation-among-Latvian-isolates-of-Beauveria-bassiana.pdf#page=277,full text
3cd970ea-0cac-810a-994c-fc17ea9f4226,213,Hylurgops glabratus,3cd970ea-0cac-8114-b685-f25497a409df,unidentified microsporidia,Microsporidia,evaluation of pathogen infections of all emerged beetles,,pathogen,morphological,,,Austria,2003,"Haidler et al., 2003","Haidler, B.,Wegensteiner, R., Weiser, J., 2003. Occurrence of microsporidia and other pathogens in associated living spruce bark beetles (Coleoptera: Scolytidae) in an Austrian forest. IOBC/wprs Bull. 26, 257–260.",https://www.researchgate.net/profile/Lelde-Grantina-Ievina/publication/236021337_Genetic_variation_among_Latvian_isolates_of_Beauveria_bassiana/links/0deec515d28777f878000000/Genetic-variation-among-Latvian-isolates-of-Beauveria-bassiana.pdf#page=277,full text
3cd970ea-0cac-8111-a6ab-fb6554a3d9c0,214,Hylurgops palliatus,3cd970ea-0cac-816f-b74a-dc5ef373dcda,unidentified microsporidia,Microsporidia,evaluation of pathogen infections of all emerged beetles,,pathogen,morphological,,,Austria,2003,"Haidler et al., 2003","Haidler, B.,Wegensteiner, R., Weiser, J., 2003. Occurrence of microsporidia and other pathogens in associated living spruce bark beetles (Coleoptera: Scolytidae) in an Austrian forest. IOBC/wprs Bull. 26, 257–260.",https://www.researchgate.net/profile/Lelde-Grantina-Ievina/publication/236021337_Genetic_variation_among_Latvian_isolates_of_Beauveria_bassiana/links/0deec515d28777f878000000/Genetic-variation-among-Latvian-isolates-of-Beauveria-bassiana.pdf#page=277,full text
3cd970ea-0cac-81b1-84ad-dff23f2606f5,215,Dryocoetes autographus,3cd970ea-0cac-81b6-87c6-e583eea30425,Malamoeba scolyti,Microsporidia,evaluation of pathogen infections of all emerged beetles,,pathogen,morphological,,,Austria,2003,"Haidler et al., 2003","Haidler, B.,Wegensteiner, R., Weiser, J., 2003. Occurrence of microsporidia and other pathogens in associated living spruce bark beetles (Coleoptera: Scolytidae) in an Austrian forest. IOBC/wprs Bull. 26, 257–260.",https://www.researchgate.net/profile/Lelde-Grantina-Ievina/publication/236021337_Genetic_variation_among_Latvian_isolates_of_Beauveria_bassiana/links/0deec515d28777f878000000/Genetic-variation-among-Latvian-isolates-of-Beauveria-bassiana.pdf#page=277,full text
3cd970ea-0cac-8135-a2a8-ff5c8b3f8a00,217,Dryocoetes autographus,3cd970ea-0cac-81b6-87c6-e583eea30425,unidentified microsporidia,Microsporidia,evaluation of pathogen infections of all emerged beetles,,pathogen,morphological,,,Austria,2003,"Haidler et al., 2003","Haidler, B.,Wegensteiner, R., Weiser, J., 2003. Occurrence of microsporidia and other pathogens in associated living spruce bark beetles (Coleoptera: Scolytidae) in an Austrian forest. IOBC/wprs Bull. 26, 257–260.",https://www.researchgate.net/profile/Lelde-Grantina-Ievina/publication/236021337_Genetic_variation_among_Latvian_isolates_of_Beauveria_bassiana/links/0deec515d28777f878000000/Genetic-variation-among-Latvian-isolates-of-Beauveria-bassiana.pdf#page=277,full text
3cd970ea-0cac-81ad-8159-d2122c9d9df4,218,Pityophthorus pityographus,3cd970ea-0cac-8146-8693-dd98d3a384a6,Chytridiopsis cf. typographi,Microsporidia,evaluation of pathogen infections of all emerged beetles,,pathogen,morphological,,,Austria,2003,"Haidler et al., 2003","Haidler, B.,Wegensteiner, R., Weiser, J., 2003. Occurrence of microsporidia and other pathogens in associated living spruce bark beetles (Coleoptera: Scolytidae) in an Austrian forest. IOBC/wprs Bull. 26, 257–260.",https://www.researchgate.net/profile/Lelde-Grantina-Ievina/publication/236021337_Genetic_variation_among_Latvian_isolates_of_Beauveria_bassiana/links/0deec515d28777f878000000/Genetic-variation-among-Latvian-isolates-of-Beauveria-bassiana.pdf#page=277,full text
3cd970ea-0cac-8185-81ea-d0b6ce1406ca,220,Pityogenes chalcographus,3cd970ea-0cac-81ae-b124-f43044691162,Chytridiopsis cf. typographi,Microsporidia,evaluation of pathogen infections of all emerged beetles,,pathogen,morphological,,,Austria,2003,"Haidler et al., 2003","Haidler, B.,Wegensteiner, R., Weiser, J., 2003. Occurrence of microsporidia and other pathogens in associated living spruce bark beetles (Coleoptera: Scolytidae) in an Austrian forest. IOBC/wprs Bull. 26, 257–260.",https://www.researchgate.net/profile/Lelde-Grantina-Ievina/publication/236021337_Genetic_variation_among_Latvian_isolates_of_Beauveria_bassiana/links/0deec515d28777f878000000/Genetic-variation-among-Latvian-isolates-of-Beauveria-bassiana.pdf#page=277,full text
3cd970ea-0cac-8154-a59d-c454c0b3574f,221,Pityogenes chalcographus,3cd970ea-0cac-81ae-b124-f43044691162,unidentified microsporidia,Microsporidia,evaluation of pathogen infections of all emerged beetles,,pathogen,morphological,,,Austria,2003,"Haidler et al., 2003","Haidler, B.,Wegensteiner, R., Weiser, J., 2003. Occurrence of microsporidia and other pathogens in associated living spruce bark beetles (Coleoptera: Scolytidae) in an Austrian forest. IOBC/wprs Bull. 26, 257–260.",https://www.researchgate.net/profile/Lelde-Grantina-Ievina/publication/236021337_Genetic_variation_among_Latvian_isolates_of_Beauveria_bassiana/links/0deec515d28777f878000000/Genetic-variation-among-Latvian-isolates-of-Beauveria-bassiana.pdf#page=277,full text
3cd970ea-0cac-812d-8c7b-f467bb2f32f3,223,Ips amitinus,3cd970ea-0cac-815a-a757-ffcc6a0735b5,Chytridiopsis cf. typographi,Microsporidia,evaluation of pathogen infections of all emerged beetles,,pathogen,morphological,,,Austria,2003,"Haidler et al., 2003","Haidler, B.,Wegensteiner, R., Weiser, J., 2003. Occurrence of microsporidia and other pathogens in associated living spruce bark beetles (Coleoptera: Scolytidae) in an Austrian forest. IOBC/wprs Bull. 26, 257–260.",https://www.researchgate.net/profile/Lelde-Grantina-Ievina/publication/236021337_Genetic_variation_among_Latvian_isolates_of_Beauveria_bassiana/links/0deec515d28777f878000000/Genetic-variation-among-Latvian-isolates-of-Beauveria-bassiana.pdf#page=277,full text
3cd970ea-0cac-81a5-8d78-db9b25b76203,224,Ips amitinus,3cd970ea-0cac-815a-a757-ffcc6a0735b5,unidentified microsporidia,Microsporidia,evaluation of pathogen infections of all emerged beetles,,pathogen,morphological,,,Austria,2003,"Haidler et al., 2003","Haidler, B.,Wegensteiner, R., Weiser, J., 2003. Occurrence of microsporidia and other pathogens in associated living spruce bark beetles (Coleoptera: Scolytidae) in an Austrian forest. IOBC/wprs Bull. 26, 257–260.",https://www.researchgate.net/profile/Lelde-Grantina-Ievina/publication/236021337_Genetic_variation_among_Latvian_isolates_of_Beauveria_bassiana/links/0deec515d28777f878000000/Genetic-variation-among-Latvian-isolates-of-Beauveria-bassiana.pdf#page=277,full text
3cd970ea-0cac-817e-825c-defdbf9e0247,227,Ips amitinus,3cd970ea-0cac-815a-a757-ffcc6a0735b5,Malamoeba scolyti,Microsporidia,evaluation of pathogen infections of all emerged beetles,,pathogen,,,,Austria,2005,"Händel and Wegensteiner, 2005","Handel, U., Wegensteiner, R., 2005. Occurrence of pathogens in bark beetles (Coleoptera, Scolytidae) from Alpine pine (Pinus cembra L.). IOBC/wprs Bull 28, 155–158.",https://www.cabidigitallibrary.org/doi/full/10.5555/20073017345,only English abstract
3cd970ea-0cac-8144-8d20-fc9eb63dbcfb,229,Ips amitinus,3cd970ea-0cac-815a-a757-ffcc6a0735b5,Chytridiopsis typographi,Microsporidia,evaluation of pathogen infections of all emerged beetles,,pathogen,,,,Austria,2005,"Händel and Wegensteiner, 2005","Handel, U., Wegensteiner, R., 2005. Occurrence of pathogens in bark beetles (Coleoptera, Scolytidae) from Alpine pine (Pinus cembra L.). IOBC/wprs Bull 28, 155–158.",https://www.cabidigitallibrary.org/doi/full/10.5555/20073017345,only English abstract
3cd970ea-0cac-816c-bb90-cf64be6b6e62,231,Ips typographus,3cd970ea-0cac-81e7-bd37-c7209a5601d7,Chytridiopsis typographi,Microsporidia,,,,,,,,2001,"Händel et al., 2001","Händel U., M. Kenis & R. Wegensteiner 2001. Untersuchungen zum Vorkommen von Pathogenen und Parasiten in Populationen überwinternder Fichtenborkenkäfer (Col., Scolytidae). Mitteilungen der Deutschen Gesellschaft für allgemeine und angewandte Entomologie 13, 423-28.",,non full-text
3cd970ea-0cac-81bf-b252-ed6040b99235,232,Ips typographus,3cd970ea-0cac-81e7-bd37-c7209a5601d7,Unikaryon montanum,Microsporidia,,,,,,,,2001,"Händel et al., 2001","Händel U., M. Kenis & R. Wegensteiner 2001. Untersuchungen zum Vorkommen von Pathogenen und Parasiten in Populationen überwinternder Fichtenborkenkäfer (Col., Scolytidae). Mitteilungen der Deutschen Gesellschaft für allgemeine und angewandte Entomologie 13, 423-28.",,non full-text
3cd970ea-0cac-81c9-b7e3-ceeb7f45eda4,236,Ips typographus,3cd970ea-0cac-81e7-bd37-c7209a5601d7,Malamoeba scolyti,Microsporidia,evaluation of pathogen infections of emerged beetles,midgut epithelium; malpighian tubules,pathogen,,,,Austria,2003,"Händel et al., 2003","Händel, U., Wegensteiner, R., Weiser, J., & Zizka, Z. (2003). Occurrence of pathogens in associated living bark beetles (Col., Scolytidae) from different spruce stands in Austria. Anzeiger für Schädlingskunde= Journal of pest science, 76(1), 22-32.",https://doi.org/10.1046/j.1439-0280.2003.03007.x,full text
3cd970ea-0cac-8191-8969-d993803f90a6,239,Ips typographus,3cd970ea-0cac-81e7-bd37-c7209a5601d7,Chytridiopsis typographi,Microsporidia,evaluation of pathogen infections of emerged beetles,midgut epithelium,pathogen,,,,Austria,2003,"Händel et al., 2003","Händel, U., Wegensteiner, R., Weiser, J., & Zizka, Z. (2003). Occurrence of pathogens in associated living bark beetles (Col., Scolytidae) from different spruce stands in Austria. Anzeiger für Schädlingskunde= Journal of pest science, 76(1), 22-32.",https://doi.org/10.1046/j.1439-0280.2003.03007.x,full text
3cd970ea-0cac-8148-9b2c-dad205cc9f26,240,Ips typographus,3cd970ea-0cac-81e7-bd37-c7209a5601d7,Nosema typographi,Microsporidia,evaluation of pathogen infections of emerged beetles,midgut epithelium; fat body; gonads,pathogen,,,,Austria,2003,"Händel et al., 2003","Händel, U., Wegensteiner, R., Weiser, J., & Zizka, Z. (2003). Occurrence of pathogens in associated living bark beetles (Col., Scolytidae) from different spruce stands in Austria. Anzeiger für Schädlingskunde= Journal of pest science, 76(1), 22-32.",https://doi.org/10.1046/j.1439-0280.2003.03007.x,full text
3cd970ea-0cac-81f8-8a2c-e1f3086cc168,241,Ips typographus,3cd970ea-0cac-81e7-bd37-c7209a5601d7,Unikaryon montanum,Microsporidia,evaluation of pathogen infections of emerged beetles,midgut epithelium; fat body; gonads,pathogen,,,,Austria,2003,"Händel et al., 2003","Händel, U., Wegensteiner, R., Weiser, J., & Zizka, Z. (2003). Occurrence of pathogens in associated living bark beetles (Col., Scolytidae) from different spruce stands in Austria. Anzeiger für Schädlingskunde= Journal of pest science, 76(1), 22-32.",https://doi.org/10.1046/j.1439-0280.2003.03007.x,full text
3cd970ea-0cac-81ef-a237-e0a5fbf5153d,246,Pityogenes chalcographus,3cd970ea-0cac-81ae-b124-f43044691162,Chytridiopsis cf. typographi,Microsporidia,evaluation of pathogen infections of emerged beetles,midgut epithelium,pathogen,,,,Austria,2003,"Händel et al., 2003","Händel, U., Wegensteiner, R., Weiser, J., & Zizka, Z. (2003). Occurrence of pathogens in associated living bark beetles (Col., Scolytidae) from different spruce stands in Austria. Anzeiger für Schädlingskunde= Journal of pest science, 76(1), 22-32.",https://doi.org/10.1046/j.1439-0280.2003.03007.x,full text
3cd970ea-0cac-8132-9cf9-f63b89f9f97f,247,Pityogenes chalcographus,3cd970ea-0cac-81ae-b124-f43044691162,Unikaryon-type microsporidium,Microsporidia,evaluation of pathogen infections of emerged beetles,midgut epithelium; malpighian tubules; gonads,pathogen,,,,Austria,2003,"Händel et al., 2003","Händel, U., Wegensteiner, R., Weiser, J., & Zizka, Z. (2003). Occurrence of pathogens in associated living bark beetles (Col., Scolytidae) from different spruce stands in Austria. Anzeiger für Schädlingskunde= Journal of pest science, 76(1), 22-32.",https://doi.org/10.1046/j.1439-0280.2003.03007.x,full text
3cd970ea-0cac-8153-9852-c472a952af1c,250,Ips amitinus,3cd970ea-0cac-815a-a757-ffcc6a0735b5,Chytridiopsis cf. typographi,Microsporidia,evaluation of pathogen infections of emerged beetles,midgut epithelium,pathogen,,,,Austria,2003,"Händel et al., 2003","Händel, U., Wegensteiner, R., Weiser, J., & Zizka, Z. (2003). Occurrence of pathogens in associated living bark beetles (Col., Scolytidae) from different spruce stands in Austria. Anzeiger für Schädlingskunde= Journal of pest science, 76(1), 22-32.",https://doi.org/10.1046/j.1439-0280.2003.03007.x,full text
3cd970ea-0cac-8161-b32a-db0872fa22d6,251,Ips amitinus,3cd970ea-0cac-815a-a757-ffcc6a0735b5,Unikaryon-type microsporidium,Microsporidia,evaluation of pathogen infections of emerged beetles,midgut epithelium; fat body; gonads,pathogen,,,,Austria,2003,"Händel et al., 2003","Händel, U., Wegensteiner, R., Weiser, J., & Zizka, Z. (2003). Occurrence of pathogens in associated living bark beetles (Col., Scolytidae) from different spruce stands in Austria. Anzeiger für Schädlingskunde= Journal of pest science, 76(1), 22-32.",https://doi.org/10.1046/j.1439-0280.2003.03007.x,full text
3cd970ea-0cac-81a0-b550-f31e3f24606e,253,Hylastes cunicularius,3cd970ea-0cac-8107-bd7c-ffe754efa813,Malamoeba cf. scolyti,Microsporidia,evaluation of pathogen infections of emerged beetles,malpighian tubules,pathogen,,,,Austria,2003,"Händel et al., 2003","Händel, U., Wegensteiner, R., Weiser, J., & Zizka, Z. (2003). Occurrence of pathogens in associated living bark beetles (Col., Scolytidae) from different spruce stands in Austria. Anzeiger für Schädlingskunde= Journal of pest science, 76(1), 22-32.",https://doi.org/10.1046/j.1439-0280.2003.03007.x,full text
3cd970ea-0cac-8185-a9d4-e232b39fdf7b,255,Hylurgops palliatus,3cd970ea-0cac-816f-b74a-dc5ef373dcda,Malamoeba scolyti,Microsporidia,evaluation of pathogen infections of emerged beetles,malpighian tubules,pathogen,,,,Austria,2003,"Händel et al., 2003","Händel, U., Wegensteiner, R., Weiser, J., & Zizka, Z. (2003). Occurrence of pathogens in associated living bark beetles (Col., Scolytidae) from different spruce stands in Austria. Anzeiger für Schädlingskunde= Journal of pest science, 76(1), 22-32.",https://doi.org/10.1046/j.1439-0280.2003.03007.x,full text
3cd970ea-0cac-8121-b4e7-cfb05fbd45f4,256,Hylurgops palliatus,3cd970ea-0cac-816f-b74a-dc5ef373dcda,Nosema-type microsporidium,Microsporidia,evaluation of pathogen infections of emerged beetles,midgut epithelium; fat body,pathogen,,,,Austria,2003,"Händel et al., 2003","Händel, U., Wegensteiner, R., Weiser, J., & Zizka, Z. (2003). Occurrence of pathogens in associated living bark beetles (Col., Scolytidae) from different spruce stands in Austria. Anzeiger für Schädlingskunde= Journal of pest science, 76(1), 22-32.",https://doi.org/10.1046/j.1439-0280.2003.03007.x,full text
3cd970ea-0cac-81c5-b165-c306ea9f261a,259,Polygraphus poligraphus,3cd970ea-0cac-8198-96bc-d4687d039075,Unikaryon polygraphi,Microsporidia,evaluation of pathogen infections of emerged beetles,midgut epithelium; malpighian tubules; fat body; gonads,pathogen,,,,Austria,2003,"Händel et al., 2003","Händel, U., Wegensteiner, R., Weiser, J., & Zizka, Z. (2003). Occurrence of pathogens in associated living bark beetles (Col., Scolytidae) from different spruce stands in Austria. Anzeiger für Schädlingskunde= Journal of pest science, 76(1), 22-32.",https://doi.org/10.1046/j.1439-0280.2003.03007.x,full text
3cd970ea-0cac-81f2-8ef2-f7ec9ad3fdb8,260,Dryocoetes autographus,3cd970ea-0cac-81b6-87c6-e583eea30425,Malamoeba scolyti,Microsporidia,evaluation of pathogen infections of emerged beetles,midgut epithelium; malpighian tubules,pathogen,,,,Austria,2003,"Händel et al., 2003","Händel, U., Wegensteiner, R., Weiser, J., & Zizka, Z. (2003). Occurrence of pathogens in associated living bark beetles (Col., Scolytidae) from different spruce stands in Austria. Anzeiger für Schädlingskunde= Journal of pest science, 76(1), 22-32.",https://doi.org/10.1046/j.1439-0280.2003.03007.x,full text
3cd970ea-0cac-8193-a7ad-cf52054b8532,269,Ips duplicatus,3cd970ea-0cac-8141-8c9c-eda2a1055c4c,Larssoniella duplicati,Microsporidia,,,pathogen,,,,Poland,2007,"Holuša et al., 2007","Holusa, J., Weiser, J., & Drapela, K. (2007). Pathogens of Ips duplicatus (Coleoptera: Scolytidae) in three areas in Central Europe. Acta Protozoologica, 46(2), 157-167.",https://www.airitilibrary.com/Article/Detail/00651583-200706-201101060024-201101060024-157-167,full text
3cd970ea-0cac-81ca-ada8-fb727d339db9,270,Ips duplicatus,3cd970ea-0cac-8141-8c9c-eda2a1055c4c,Larssoniella duplicati,Microsporidia,,,pathogen,,,,Czech Republic,2007,"Holuša et al., 2007","Holusa, J., Weiser, J., & Drapela, K. (2007). Pathogens of Ips duplicatus (Coleoptera: Scolytidae) in three areas in Central Europe. Acta Protozoologica, 46(2), 157-167.",https://www.airitilibrary.com/Article/Detail/00651583-200706-201101060024-201101060024-157-167,full text
3cd970ea-0cac-81c6-9cc6-e7661e4acca0,276,Ips typographus,3cd970ea-0cac-81e7-bd37-c7209a5601d7,Chytridiopsis typographi,Microsporidia,,,pathogen,,,,Poland,2007,"Holuša et al., 2007","Holusa, J., Weiser, J., & Drapela, K. (2007). Pathogens of Ips duplicatus (Coleoptera: Scolytidae) in three areas in Central Europe. Acta Protozoologica, 46(2), 157-167.",https://www.airitilibrary.com/Article/Detail/00651583-200706-201101060024-201101060024-157-167,full text
3cd970ea-0cac-8123-abeb-e54d3fc4a775,277,Ips duplicatus,3cd970ea-0cac-8141-8c9c-eda2a1055c4c,Chytridiopsis typographi,Microsporidia,,,pathogen,,,,Poland,2007,"Holuša et al., 2007","Holusa, J., Weiser, J., & Drapela, K. (2007). Pathogens of Ips duplicatus (Coleoptera: Scolytidae) in three areas in Central Europe. Acta Protozoologica, 46(2), 157-167.",https://www.airitilibrary.com/Article/Detail/00651583-200706-201101060024-201101060024-157-167,full text
3cd970ea-0cac-813b-beba-c0e4c44f345a,278,Ips typographus,3cd970ea-0cac-81e7-bd37-c7209a5601d7,Chytridiopsis typographi,Microsporidia,,,pathogen,,,,Czech Republic,2007,"Holuša et al., 2007","Holusa, J., Weiser, J., & Drapela, K. (2007). Pathogens of Ips duplicatus (Coleoptera: Scolytidae) in three areas in Central Europe. Acta Protozoologica, 46(2), 157-167.",https://www.airitilibrary.com/Article/Detail/00651583-200706-201101060024-201101060024-157-167,full text
3cd970ea-0cac-81af-b460-ccc19ee5757f,279,Ips duplicatus,3cd970ea-0cac-8141-8c9c-eda2a1055c4c,Chytridiopsis typographi,Microsporidia,,,pathogen,,,,Czech Republic,2007,"Holuša et al., 2007","Holusa, J., Weiser, J., & Drapela, K. (2007). Pathogens of Ips duplicatus (Coleoptera: Scolytidae) in three areas in Central Europe. Acta Protozoologica, 46(2), 157-167.",https://www.airitilibrary.com/Article/Detail/00651583-200706-201101060024-201101060024-157-167,full text
3cd970ea-0cac-81e9-8730-fadf35b6858c,280,Ips typographus,3cd970ea-0cac-81e7-bd37-c7209a5601d7,Chytridiopsis typographi,Microsporidia,,,pathogen,,,,Czech Republic,2009,"Holuša et al., 2009","Holusa, J., Weiser, J., & Zizka, Z. (2009). Pathogens of the spruce bark beetles Ips typographus and Ips duplicatus. Central European Journal of Biology, 4(4), 567-573.",https://www.degruyterbrill.com/document/doi/10.2478/s11535-009-0044-y/html,full text
3cd970ea-0cac-8197-bd06-eafca01fb18d,281,Ips duplicatus,3cd970ea-0cac-8141-8c9c-eda2a1055c4c,Chytridiopsis typographi,Microsporidia,,,pathogen,,,,Czech Republic,2009,"Holuša et al., 2009","Holusa, J., Weiser, J., & Zizka, Z. (2009). Pathogens of the spruce bark beetles Ips typographus and Ips duplicatus. Central European Journal of Biology, 4(4), 567-573.",https://www.degruyterbrill.com/document/doi/10.2478/s11535-009-0044-y/html,full text
3cd970ea-0cac-817e-a3b6-f0e02702a8dc,282,Ips typographus,3cd970ea-0cac-81e7-bd37-c7209a5601d7,Nosema typographi,Microsporidia,,,pathogen,,,,Czech Republic,2009,"Holuša et al., 2009","Holusa, J., Weiser, J., & Zizka, Z. (2009). Pathogens of the spruce bark beetles Ips typographus and Ips duplicatus. Central European Journal of Biology, 4(4), 567-573.",https://www.degruyterbrill.com/document/doi/10.2478/s11535-009-0044-y/html,full text
3cd970ea-0cac-81c6-89c7-d86664b6c11d,284,Ips duplicatus,3cd970ea-0cac-8141-8c9c-eda2a1055c4c,Larssoniella duplicati,Microsporidia,,,pathogen,,,,Czech Republic,2009,"Holuša et al., 2009","Holusa, J., Weiser, J., & Zizka, Z. (2009). Pathogens of the spruce bark beetles Ips typographus and Ips duplicatus. Central European Journal of Biology, 4(4), 567-573.",https://www.degruyterbrill.com/document/doi/10.2478/s11535-009-0044-y/html,full text
3cd970ea-0cac-81e7-8bff-c4317236ec50,287,Ips cembrae,3cd970ea-0cac-8143-a5db-e349263ac456,Chytridiopsis typographi,Microsporidia,,,pathogen,,,,Austria,2013,"Holuša et al., 2013","Holuša, J., Lukášová, K., Wegensteiner, R., Grodzki, W., Pernek, M., & Weiser, J. (2013). Pathogens of the bark beetle Ips cembrae: microsporidia and gregarines also known from other Ips species. Journal of applied entomology, 137(3), 181-187.",https://doi.org/10.1111/j.1439-0418.2012.01717.x,full text
3cd970ea-0cac-8187-9413-f3de0823a546,288,Ips cembrae,3cd970ea-0cac-8143-a5db-e349263ac456,Chytridiopsis typographi,Microsporidia,,,pathogen,,,,Poland,2013,"Holuša et al., 2013","Holuša, J., Lukášová, K., Wegensteiner, R., Grodzki, W., Pernek, M., & Weiser, J. (2013). Pathogens of the bark beetle Ips cembrae: microsporidia and gregarines also known from other Ips species. Journal of applied entomology, 137(3), 181-187.",https://doi.org/10.1111/j.1439-0418.2012.01717.x,full text
3cd970ea-0cac-81c1-8c14-fc7e1ffba421,289,Ips cembrae,3cd970ea-0cac-8143-a5db-e349263ac456,Chytridiopsis typographi,Microsporidia,,,pathogen,,,,Hungary,2013,"Holuša et al., 2013","Holuša, J., Lukášová, K., Wegensteiner, R., Grodzki, W., Pernek, M., & Weiser, J. (2013). Pathogens of the bark beetle Ips cembrae: microsporidia and gregarines also known from other Ips species. Journal of applied entomology, 137(3), 181-187.",https://doi.org/10.1111/j.1439-0418.2012.01717.x,full text
3cd970ea-0cac-8131-9ba1-f1e5f3b2afa8,290,Ips cembrae,3cd970ea-0cac-8143-a5db-e349263ac456,Chytridiopsis typographi,Microsporidia,,,pathogen,,,,Czech Republic,2013,"Holuša et al., 2013","Holuša, J., Lukášová, K., Wegensteiner, R., Grodzki, W., Pernek, M., & Weiser, J. (2013). Pathogens of the bark beetle Ips cembrae: microsporidia and gregarines also known from other Ips species. Journal of applied entomology, 137(3), 181-187.",https://doi.org/10.1111/j.1439-0418.2012.01717.x,full text
3cd970ea-0cac-81f2-917a-d714ab60edd0,294,Ips cembrae,3cd970ea-0cac-8143-a5db-e349263ac456,Nosema sp.,Microsporidia,,,pathogen,,,,Czech Republic,2013,"Holuša et al., 2013","Holuša, J., Lukášová, K., Wegensteiner, R., Grodzki, W., Pernek, M., & Weiser, J. (2013). Pathogens of the bark beetle Ips cembrae: microsporidia and gregarines also known from other Ips species. Journal of applied entomology, 137(3), 181-187.",https://doi.org/10.1111/j.1439-0418.2012.01717.x,full text
3cd970ea-0cac-814f-a81d-d38767b9e4cb,295,Ips cembrae,3cd970ea-0cac-8143-a5db-e349263ac456,Nosema sp.,Microsporidia,,,pathogen,,,,Poland,2013,"Holuša et al., 2013","Holuša, J., Lukášová, K., Wegensteiner, R., Grodzki, W., Pernek, M., & Weiser, J. (2013). Pathogens of the bark beetle Ips cembrae: microsporidia and gregarines also known from other Ips species. Journal of applied entomology, 137(3), 181-187.",https://doi.org/10.1111/j.1439-0418.2012.01717.x,full text
3cd970ea-0cac-8121-81a1-dbeda26e5f25,297,Ips amitinus,3cd970ea-0cac-815a-a757-ffcc6a0735b5,Microsporidium sp.,Microsporidia,,,occurrence survey,,,,Austria,2016,"Holuša et al., 2016","Holuša, J., Lukášová, K., Žižka, Z., Händel, U., Haidler, B., & Wegensteiner, R. (2016). Occurrence of Microsporidium sp. and other pathogens in Ips amitinus (Coleoptera: Curculionidae). Acta Parasitologica, 61(3), 621-628.",https://doi.org/10.1515/ap-2016-0083,full text
3cd970ea-0cac-81f9-beb0-d3139875793a,298,Ips amitinus,3cd970ea-0cac-815a-a757-ffcc6a0735b5,Chytridiopsis cf. typographi,Microsporidia,,,occurrence survey,,,,Austria,2016,"Holuša et al., 2016","Holuša, J., Lukášová, K., Žižka, Z., Händel, U., Haidler, B., & Wegensteiner, R. (2016). Occurrence of Microsporidium sp. and other pathogens in Ips amitinus (Coleoptera: Curculionidae). Acta Parasitologica, 61(3), 621-628.",https://doi.org/10.1515/ap-2016-0083,full text
3cd970ea-0cac-8173-82f3-eaac3f6f1aa8,303,Ips amitinus,3cd970ea-0cac-815a-a757-ffcc6a0735b5,Nosema cf. typographi,Microsporidia,,,occurrence survey,,,,Czech Republic,2016,"Holuša et al., 2016","Holuša, J., Lukášová, K., Žižka, Z., Händel, U., Haidler, B., & Wegensteiner, R. (2016). Occurrence of Microsporidium sp. and other pathogens in Ips amitinus (Coleoptera: Curculionidae). Acta Parasitologica, 61(3), 621-628.",https://doi.org/10.1515/ap-2016-0083,full text
3cd970ea-0cac-81e3-bf29-e52acd7b3bd5,304,Ips amitinus,3cd970ea-0cac-815a-a757-ffcc6a0735b5,Chytridiopsis cf. typographi,Microsporidia,,,occurrence survey,,,,Czech Republic,2016,"Holuša et al., 2016","Holuša, J., Lukášová, K., Žižka, Z., Händel, U., Haidler, B., & Wegensteiner, R. (2016). Occurrence of Microsporidium sp. and other pathogens in Ips amitinus (Coleoptera: Curculionidae). Acta Parasitologica, 61(3), 621-628.",https://doi.org/10.1515/ap-2016-0083,full text
3cd970ea-0cac-8113-b1ae-e55f68f278d9,306,Ips amitinus,3cd970ea-0cac-815a-a757-ffcc6a0735b5,Chytridiopsis cf. typographi,Microsporidia,,,occurrence survey,,,,Finland,2016,"Holuša et al., 2016","Holuša, J., Lukášová, K., Žižka, Z., Händel, U., Haidler, B., & Wegensteiner, R. (2016). Occurrence of Microsporidium sp. and other pathogens in Ips amitinus (Coleoptera: Curculionidae). Acta Parasitologica, 61(3), 621-628.",https://doi.org/10.1515/ap-2016-0083,full text
3cd970ea-0cac-8199-b4c9-f5dce24b7ce0,308,Orthotomicus erosus,3cd970ea-0cac-81d4-bd25-d278cfe41fda,Chytridiopsis sp.,Microsporidia,,,pathogen,,,,Hungary,2017,"Holuša et al., 2017","Holuša, J., Lukášová, K., Hubáčková, J., Knížek, M., & Wegensteiner, R. (2017). Pathogens and nematodes associated to three bark beetle species of the genus Orthotomicus (Coleoptera Curculionidae) in central-south Europe. Bulletin of Insectology, 70(2), 291-297.",https://www.researchgate.net/profile/Karolina-Resnerova/publication/320854912_Pathogens_and_nematodes_associated_to_three_bark_beetle_species_of_the_genus_Orthotomicus_Coleoptera_Curculionidae_in_central-south_Europe/links/5a09553ba6fdcc65eab569b9/Pathogens-and-nematodes-associated-to-three-bark-beetle-species-of-the-genus-Orthotomicus-Coleoptera-Curculionidae-in-central-south-Europe.pdf,full text
3cd970ea-0cac-812c-a429-e807d804163e,311,Orthotomicus erosus,3cd970ea-0cac-81d4-bd25-d278cfe41fda,Chytridiopsis sp.,Microsporidia,,,pathogen,,,,Austria,2017,"Holuša et al., 2017","Holuša, J., Lukášová, K., Hubáčková, J., Knížek, M., & Wegensteiner, R. (2017). Pathogens and nematodes associated to three bark beetle species of the genus Orthotomicus (Coleoptera Curculionidae) in central-south Europe. Bulletin of Insectology, 70(2), 291-297.",https://www.researchgate.net/profile/Karolina-Resnerova/publication/320854912_Pathogens_and_nematodes_associated_to_three_bark_beetle_species_of_the_genus_Orthotomicus_Coleoptera_Curculionidae_in_central-south_Europe/links/5a09553ba6fdcc65eab569b9/Pathogens-and-nematodes-associated-to-three-bark-beetle-species-of-the-genus-Orthotomicus-Coleoptera-Curculionidae-in-central-south-Europe.pdf,full text
3cd970ea-0cac-8120-9e92-e28d1254d96e,320,Orthotomicus laricis,3cd970ea-0cac-815a-9fd8-cc7d9a98ef8b,Chytridiopsis sp.,Microsporidia,,,pathogen,,,,Austria,2017,"Holuša et al., 2017","Holuša, J., Lukášová, K., Hubáčková, J., Knížek, M., & Wegensteiner, R. (2017). Pathogens and nematodes associated to three bark beetle species of the genus Orthotomicus (Coleoptera Curculionidae) in central-south Europe. Bulletin of Insectology, 70(2), 291-297.",https://www.researchgate.net/profile/Karolina-Resnerova/publication/320854912_Pathogens_and_nematodes_associated_to_three_bark_beetle_species_of_the_genus_Orthotomicus_Coleoptera_Curculionidae_in_central-south_Europe/links/5a09553ba6fdcc65eab569b9/Pathogens-and-nematodes-associated-to-three-bark-beetle-species-of-the-genus-Orthotomicus-Coleoptera-Curculionidae-in-central-south-Europe.pdf,full text
3cd970ea-0cac-81e0-8e7c-e21b93e8eabc,368,Ips typographus,3cd970ea-0cac-81e7-bd37-c7209a5601d7,Chytridiopsis typographi,Microsporidia,,,,,,,Georgia,2010,"Kereselidze et al., 2010","Kereselidze, M., Wegensteiner, R., Goginashvili, N., Tvaradze, M., & Pilarska, D. (2010). Further studies on the occurrence of natural enemies of Ips typographus (Coleoptera: Curculionidae: Scolytinae) in Georgia. Acta zool. bulg, 62(2), 131-139.",https://acta-zoologica-bulgarica.eu/downloads/acta-zoologica-bulgarica/2010/62-2-131-140.pdf,full text
3cd970ea-0cac-81ff-b0bd-e0fcb85af69b,414,Dendroctonus frontalis,3cd970ea-0cac-81b5-b18d-f10167e662e3,Unikaryon minutum,Microsporidia,,malpighian tubules; fat body; midgut,parasite,,,,United States,1978,"Knell and Allen, 1978","Knell J.D. & G.E. Allen 1978. Morphology and Ultrastructure of Unikaryon minutum sp.n. (Microsporidia: Protozoa), a Parasite of the Southern Pine Beetle, Dendroctonus frontalis. Acta Protozoologica 17, 271-78.",https://www.cabidigitallibrary.org/doi/full/10.5555/19780850046,full text
3cd970ea-0cac-8113-b435-e86da4dad2bc,417,Tomicus piniperda,3cd970ea-0cac-8130-bbd3-e29afac9abf6,Canningia tomici,Microsporidia,,midgut epithelium; malpighian tubules; gut muscules; gonads,,,,,,2003,"Kohlmayr et al., 2003","Kohlmayr B., J. Weiser, R. Wegensteiner, U. Händel & Z. Zizka 2003. Infection of Tomicus piniperda (Col., Scolytidae) with Canningia tomici sp.n. (Microsporidia, Unikaryonidae). Journal of Pest Science 76, 65-73.",https://doi.org/10.1046/j.1439-0280.2003.03013.x,full text
3cd970ea-0cac-81af-8772-fa68bda7d44e,475,Scolytus ensifer,3cd970ea-0cac-8103-9dd8-d0b2bb1ebf26,Stempellia scolyti,Microsporidia,,hemocoel; midgut,,morphological,pathogenicity test,laboratory,Germany,1968,"Lipa, 1968","Lipa J.J. 1968. Stempellia scolyti Weiser com.nov. and Nosema scolyti n.sp. microsporidian parasites of four species of Scolytus (Coleoptera). Acta Protozoologica 6, 69-78.",,
3cd970ea-0cac-813d-8131-f0d3795a869b,476,Scolytus multistriatus,3cd970ea-0cac-81d9-bda0-ca455fdf65b6,Stempellia scolyti,Microsporidia,,hemocoel; midgut,,morphological,pathogenicity test,laboratory,Germany,1968,"Lipa, 1968","Lipa J.J. 1968. Stempellia scolyti Weiser com.nov. and Nosema scolyti n.sp. microsporidian parasites of four species of Scolytus (Coleoptera). Acta Protozoologica 6, 69-78.",,
3cd970ea-0cac-81f8-a5b1-d688ce11aebc,477,Scolytus pygmaeus,3cd970ea-0cac-81c0-8077-c62f1276c5ad,Stempellia scolyti,Microsporidia,,hemocoel; midgut,,morphological,pathogenicity test,laboratory,Germany,1968,"Lipa, 1968","Lipa J.J. 1968. Stempellia scolyti Weiser com.nov. and Nosema scolyti n.sp. microsporidian parasites of four species of Scolytus (Coleoptera). Acta Protozoologica 6, 69-78.",,
3cd970ea-0cac-8186-b13f-e8db1b0f729a,478,Scolytus scolytus,3cd970ea-0cac-818b-a96b-ee29650d93b8,Stempellia scolyti,Microsporidia,,hemocoel; midgut,,morphological,pathogenicity test,laboratory,Germany,1968,"Lipa, 1968","Lipa J.J. 1968. Stempellia scolyti Weiser com.nov. and Nosema scolyti n.sp. microsporidian parasites of four species of Scolytus (Coleoptera). Acta Protozoologica 6, 69-78.",,
3cd970ea-0cac-81d1-9c55-e9fe728ca474,479,Scolytus ensifer,3cd970ea-0cac-8103-9dd8-d0b2bb1ebf26,Nosema scolyti,Microsporidia,,midgut; malpighian tubules; hemocoel,,morphological,pathogenicity test,laboratory,Germany,1968,"Lipa, 1968","Lipa J.J. 1968. Stempellia scolyti Weiser com.nov. and Nosema scolyti n.sp. microsporidian parasites of four species of Scolytus (Coleoptera). Acta Protozoologica 6, 69-78.",,
3cd970ea-0cac-81cd-aa81-f60001a6e5bc,480,Scolytus multistriatus,3cd970ea-0cac-81d9-bda0-ca455fdf65b6,Nosema scolyti,Microsporidia,,midgut; malpighian tubules; hemocoel,,morphological,pathogenicity test,laboratory,Germany,1968,"Lipa, 1968","Lipa J.J. 1968. Stempellia scolyti Weiser com.nov. and Nosema scolyti n.sp. microsporidian parasites of four species of Scolytus (Coleoptera). Acta Protozoologica 6, 69-78.",,
3cd970ea-0cac-8180-8d11-c38d1605cc6f,481,Scolytus pygmaeus,3cd970ea-0cac-81c0-8077-c62f1276c5ad,Nosema scolyti,Microsporidia,,midgut; malpighian tubules; hemocoel,,morphological,pathogenicity test,laboratory,Germany,1968,"Lipa, 1968","Lipa J.J. 1968. Stempellia scolyti Weiser com.nov. and Nosema scolyti n.sp. microsporidian parasites of four species of Scolytus (Coleoptera). Acta Protozoologica 6, 69-78.",,
3cd970ea-0cac-81ec-9ccd-d06641de699e,482,Scolytus scolytus,3cd970ea-0cac-818b-a96b-ee29650d93b8,Nosema scolyti,Microsporidia,,midgut; malpighian tubules; hemocoel,,morphological,pathogenicity test,laboratory,Germany,1968,"Lipa, 1968","Lipa J.J. 1968. Stempellia scolyti Weiser com.nov. and Nosema scolyti n.sp. microsporidian parasites of four species of Scolytus (Coleoptera). Acta Protozoologica 6, 69-78.",,
3cd970ea-0cac-81c4-8082-e7ba46274c81,488,Ips typographus,3cd970ea-0cac-81e7-bd37-c7209a5601d7,Chytridiopsis typographi,Microsporidia,evaluation of pathogen from beetles,,pathogen,,,,Czech Republic,2013,"Lukasova et al., 2013","Lukášová, K., Holuša, J., & Turčáni, M. (2013). Pathogens of Ips amitinus: new species and comparison with I ps typographus. Journal of Applied Entomology, 137(3), 188-196.",https://doi.org/10.1111/jen.12000,full text
3cd970ea-0cac-81a3-8eff-e4e0005f26eb,489,Ips typographus,3cd970ea-0cac-81e7-bd37-c7209a5601d7,Nosema typographi,Microsporidia,evaluation of pathogen from beetles,,pathogen,,,,Czech Republic,2013,"Lukasova et al., 2013","Lukášová, K., Holuša, J., & Turčáni, M. (2013). Pathogens of Ips amitinus: new species and comparison with I ps typographus. Journal of Applied Entomology, 137(3), 188-196.",https://doi.org/10.1111/jen.12000,full text
3cd970ea-0cac-8112-8406-f1b2c788b194,494,Ips amitinus,3cd970ea-0cac-815a-a757-ffcc6a0735b5,Chytridiopsis typographi,Microsporidia,evaluation of pathogen from beetles,,pathogen,,,,Czech Republic,2013,"Lukasova et al., 2013","Lukášová, K., Holuša, J., & Turčáni, M. (2013). Pathogens of Ips amitinus: new species and comparison with I ps typographus. Journal of Applied Entomology, 137(3), 188-196.",https://doi.org/10.1111/jen.12000,full text
3cd970ea-0cac-8162-abbe-e9e663b95c9e,501,Ips typographus,3cd970ea-0cac-81e7-bd37-c7209a5601d7,Nosema typographi,Microsporidia,evaluation of pathogen from beetles,,,morphological,,,Czech Republic,2015,"Lukášová and Holuša, 2015","Lukášová, K., & Holuša, J. (2015). Comparison of pathogens infection level in Ips typographus (Coleoptera: Curculionidae) beetles sampled in pheromone traps and at place of overwintering. Acta Parasitologica, 60(3), 462-465.",https://doi.org/10.1515/ap-2015-0064,full text
3cd970ea-0cac-818c-92d5-d11d377b5501,507,Dendroctonus frontalis,3cd970ea-0cac-81b5-b18d-f10167e662e3,Unikaryon minutum,Microsporidia,evaluation of infection from beetles,,parasite,,,,"Florida, United States",1980,"MacGuidwin et al., 1980","MacGuidwin, A. E., Smart Jr, G. C., Wilkinson, R. C., & Allen, G. E. (1980). Effect of the nematode Contortylenchus brevicomi on gallery construction and fecundity of the southern pine beetle. Journal of nematology, 12(4), 278.",https://pubmed.ncbi.nlm.nih.gov/19300703/,full text
3cd970ea-0cac-812b-9bfe-d97ae20390b5,656,Pityokteines curvidens,3cd970ea-0cac-81f8-9105-d2ffa788e0b5,Chytridiopsis cf. typographi,Microsporidia,isolated from beetle,midgut epithelium,pathogen; occurrence survey,,,,Croatia,2009,"Pernek et al., 2009","Pernek, M., Matošević, D., Hrašovec, B., Kučinić, M., & Wegensteiner, R. (2009). Occurrence of pathogens in outbreak populations of Pityokteines spp.(Coleoptera, Curculionidae, Scolytinae) in silver fir forests. Journal of Pest Science, 82(4), 343-349.",https://doi.org/10.1007/s10340-009-0259-8,full text
3cd970ea-0cac-8184-b5c6-d3ef564e761b,659,Pityokteines spinidens,3cd970ea-0cac-8193-91d3-d4f783a52218,Chytridiopsis cf. typographi,Microsporidia,isolated from beetle,midgut epithelium,pathogen; occurrence survey,,,,Croatia,2009,"Pernek et al., 2009","Pernek, M., Matošević, D., Hrašovec, B., Kučinić, M., & Wegensteiner, R. (2009). Occurrence of pathogens in outbreak populations of Pityokteines spp.(Coleoptera, Curculionidae, Scolytinae) in silver fir forests. Journal of Pest Science, 82(4), 343-349.",https://doi.org/10.1007/s10340-009-0259-8,full text
3cd970ea-0cac-815c-a775-e44abc2b63eb,660,Pityokteines spinidens,3cd970ea-0cac-8193-91d3-d4f783a52218,Canningia spinidentis,Microsporidia,isolated from beetle,fat body; gonads; midgut epithelium,pathogen; occurrence survey,,,,Croatia,2009,"Pernek et al., 2009","Pernek, M., Matošević, D., Hrašovec, B., Kučinić, M., & Wegensteiner, R. (2009). Occurrence of pathogens in outbreak populations of Pityokteines spp.(Coleoptera, Curculionidae, Scolytinae) in silver fir forests. Journal of Pest Science, 82(4), 343-349.",https://doi.org/10.1007/s10340-009-0259-8,full text
3cd970ea-0cac-812b-a607-dedac4a16028,662,Pityokteines vorontzovi,3cd970ea-0cac-81bb-8fe5-c0bb4463e14e,Chytridiopsis cf. typographi,Microsporidia,isolated from beetle,midgut epithelium,pathogen; occurrence survey,,,,Croatia,2009,"Pernek et al., 2009","Pernek, M., Matošević, D., Hrašovec, B., Kučinić, M., & Wegensteiner, R. (2009). Occurrence of pathogens in outbreak populations of Pityokteines spp.(Coleoptera, Curculionidae, Scolytinae) in silver fir forests. Journal of Pest Science, 82(4), 343-349.",https://doi.org/10.1007/s10340-009-0259-8,full text
3cd970ea-0cac-817d-ba9a-ec673f26f1b3,672,Ips typographus,3cd970ea-0cac-81e7-bd37-c7209a5601d7,Chytridiopsis typographi,Microsporidia,,,,,,,Bulgaria,2018,"Pilarska et al., 2018","Pilarska, D., Georgiev, G., Dobreva, M., Takov, D., Mirchev, P., Doychev, D., ... & Hajek, A. E. (2018). Pathogens and parasitoids of forest pest insects in the region of Forest Protection Station Plovdiv during the period 1990–2017. Silva, 19, 3.",https://silvabalcanica.wordpress.com/wp-content/uploads/2020/03/sb_193_2018-4.pdf,full text
3cd970ea-0cac-81c0-8acd-e1a394be90d2,681,Pityogenes calcaratus,3cd970ea-0cac-81a5-bfc2-d7b37e65edfb,Nosema calcarati,Microsporidia,,,parasite,,,,Israel,1982,"Purrini and Halperin, 1982","Purrini K. & J. Halperin 1982. Nosema calcarati n.sp. (Microsporidia), a new parasite of Pityogenes calcaratus Eichhoff (Col., Scolytidae). Zeitschrift für angewandte Entomologie 94, 87-92.",https://doi.org/10.1111/j.1439-0418.1982.tb02549.x,full text
3cd970ea-0cac-81fa-a1e0-cb99c0ed3ccc,683,Trypodendron domesticum,3cd970ea-0cac-8190-8717-c8fec4caa117,Pleistophora xyloteri,Microsporidia,,,parasite,,,,Germany,1981,"Purrini and Ormieres, 1981","Purrini K. & R. Ormieres 1981. On three new sporozoan parasites of bark beetles (Scolytidae, Coleoptera). Zeitschrift für angewandte Entomologie 91, 67-74.",https://doi.org/10.1111/j.1439-0418.1981.tb04452.x,full text
3cd970ea-0cac-81b5-9749-fa1ae33ae876,684,Dryocoetes autographus,3cd970ea-0cac-81b6-87c6-e583eea30425,Nosema dryocoetesi,Microsporidia,,,parasite,,,,Germany,1981,"Purrini and Ormieres, 1981","Purrini K. & R. Ormieres 1981. On three new sporozoan parasites of bark beetles (Scolytidae, Coleoptera). Zeitschrift für angewandte Entomologie 91, 67-74.",https://doi.org/10.1111/j.1439-0418.1981.tb04452.x,full text
3cd970ea-0cac-8140-bf09-c6e931f273e7,685,Hylastes cunicularius,3cd970ea-0cac-8107-bd7c-ffe754efa813,Chytridiopsis typographi,Microsporidia,,,parasite,,,,,1984,"Purrini and Weiser, 1984","Purrini K. & J. Weiser 1984. Light- and electron microscopic studies of Chytridiopsis typographi (Weiser 1954) Weiser 1970 (Microspora), parasitizing the bark beetle Hylastes cunicularius Er. Zoologischer Anzeiger, Jena 212, 369-76.",https://www.cabidigitallibrary.org/doi/full/10.5555/19840816898,only English abstract
3cd970ea-0cac-81f7-97ce-e1f8eb130407,686,Ips typographus,3cd970ea-0cac-81e7-bd37-c7209a5601d7,Chytridiopsis typographi,Microsporidia,,,parasite,,,,Germany,1985,"Purrini and Weiser, 1985","Purrini K. & J. Weiser 1985. Ultrastructural study of the microsporidian Chytridiopsis typographi (Chytridiopsida: Microspora) infecting the bark beetle Ips typographus (Scolytidae: Coleoptera), with new data on spore dimorphism. Journal of Invertebrate Pathology 45, 66-74.",https://doi.org/10.1016/0022-2011(85)90051-5,full text
3cd970ea-0cac-81f7-b177-c334faad9207,689,Scolytus scolytus,3cd970ea-0cac-818b-a96b-ee29650d93b8,Stempellia cf. scolyti,Microsporidia,,,,,,,Germany,1975,"Purrini, 1975","Purrini K. 1975. Zur Kenntnis der Krankheiten des Großen Ulmensplintkäfers, Scolytus scolytus F. im Gebiet von Kosovo, Jugoslawien. Anzeiger für Schädlingskunde, Pflanzenschutz, Umweltschutz 48, 154-56.",https://doi.org/10.1007/BF01876513,full text
3cd970ea-0cac-812c-bb61-fab44c87292a,750,Ips typographus,3cd970ea-0cac-81e7-bd37-c7209a5601d7,Chytridiopsis typographi,Microsporidia,,,,,,,Bulgaria,2009,"Takov and Pilarska, 2009","Takov, D., & Pilarska, D. (2009). Single and mixed infections in Ips typographus (Coleoptera: Scolytinae) caused by the entomopathogens Entomopoxvirus typographi (Virales), Gregarina typographi (Sporozoa) and Chytridiopsis typographi (Microsporidia). Acta Zool Bulg, 61(1), 45-48.",https://acta-zoologica-bulgarica.eu/downloads/acta-zoologica-bulgarica/2009/61-1-045-048.pdf,full text
3cd970ea-0cac-81fd-92a1-ce67ee9ba798,755,Ips typographus,3cd970ea-0cac-81e7-bd37-c7209a5601d7,Chytridiopsis typographi,Microsporidia,isolated from beetle,,pathogen,morphological,,,Bulgaria,2006,"Takov et al., 2006","Takov, D., Pilarska, D., & Wegensteiner, R. (2006). Entomopathogens in Ips typographus (Coleoptera: Scolytidae) from several spruce stands in Bulgaria. Acta zoologica bulgarica, 58(3), 409-420.",https://www.researchgate.net/profile/Danail-Takov/publication/340033504_Entomopathogens_in_Ips_typographus_Coleoptera_Scolytidae_from_Several_Spruce_Stands_in_Bulgaria/links/5e739f09458515350c88dbc5/Entomopathogens-in-Ips-typographus-Coleoptera-Scolytidae-from-Several-Spruce-Stands-in-Bulgaria.pdf,full text
3cd970ea-0cac-81db-978d-eae8eb7d13b7,763,Ips acuminatus,3cd970ea-0cac-81e3-9078-eb847964ce01,Chytridiopsis typographi,Microsporidia,isolated from beetle,,,,,,Bulgaria,2007,"Takov et al., 2007","Takov, D., Doychev, D., Wegensteiner, R., Pilarska, D., 2007. Study of bark beetle (Coleoptera, Scolytidae) pathogens from coniferous stands in Bulgaria. Acta Zool. Bulg. 59, 87–96.",https://www.researchgate.net/publication/271507092_Study_of_Bark_Beetles_Coleoptera_Scolytidae_Pathogens_from_Coniferous_stands_in_Bulgaria,full text
3cd970ea-0cac-812e-a2f8-e7d46ce96c16,767,Orthotomicus proximus,3cd970ea-0cac-8154-a60b-ddce71aa9d0d,Chytridiopsis cf.  typographi,Microsporidia,isolated from beetle,,,,,,Bulgaria,2007,"Takov et al., 2007","Takov, D., Doychev, D., Wegensteiner, R., Pilarska, D., 2007. Study of bark beetle (Coleoptera, Scolytidae) pathogens from coniferous stands in Bulgaria. Acta Zool. Bulg. 59, 87–96.",https://www.researchgate.net/publication/271507092_Study_of_Bark_Beetles_Coleoptera_Scolytidae_Pathogens_from_Coniferous_stands_in_Bulgaria,full text
3cd970ea-0cac-81fe-b638-eb9ccb88c7d5,768,Pityophthorus pityographus,3cd970ea-0cac-8146-8693-dd98d3a384a6,Malamoeba scolyti,Microsporidia,isolated from beetle,,,,,,Bulgaria,2007,"Takov et al., 2007","Takov, D., Doychev, D., Wegensteiner, R., Pilarska, D., 2007. Study of bark beetle (Coleoptera, Scolytidae) pathogens from coniferous stands in Bulgaria. Acta Zool. Bulg. 59, 87–96.",https://www.researchgate.net/publication/271507092_Study_of_Bark_Beetles_Coleoptera_Scolytidae_Pathogens_from_Coniferous_stands_in_Bulgaria,full text
3cd970ea-0cac-81a2-9766-fe7a3a17b9ef,770,Cryphalus saltuarius,3cd970ea-0cac-81a4-9524-f284cd88bb72,Chytridiopsis cf.  typographi,Microsporidia,isolated from beetle,,,,,,Bulgaria,2007,"Takov et al., 2007","Takov, D., Doychev, D., Wegensteiner, R., Pilarska, D., 2007. Study of bark beetle (Coleoptera, Scolytidae) pathogens from coniferous stands in Bulgaria. Acta Zool. Bulg. 59, 87–96.",https://www.researchgate.net/publication/271507092_Study_of_Bark_Beetles_Coleoptera_Scolytidae_Pathogens_from_Coniferous_stands_in_Bulgaria,full text
3cd970ea-0cac-81b7-bfcb-dedae14066c1,771,Hylurgus ligniperda,3cd970ea-0cac-8168-b077-f1c598e6fefd,Nosema sp.,Microsporidia,isolated from beetle,,,,,,Bulgaria,2007,"Takov et al., 2007","Takov, D., Doychev, D., Wegensteiner, R., Pilarska, D., 2007. Study of bark beetle (Coleoptera, Scolytidae) pathogens from coniferous stands in Bulgaria. Acta Zool. Bulg. 59, 87–96.",https://www.researchgate.net/publication/271507092_Study_of_Bark_Beetles_Coleoptera_Scolytidae_Pathogens_from_Coniferous_stands_in_Bulgaria,full text
3cd970ea-0cac-81f3-9e02-feffa0866d6a,781,Hylurgus ligniperda,3cd970ea-0cac-8168-b077-f1c598e6fefd,Nosema sp.,Microsporidia,,,pathogen,,,,Bulgaria,2011,"Takov et al., 2011","Takov, D., Doychev, D., Linde, A., Draganova, S., Pilarska, D., 2011. Pathogens of bark beetles (Coleoptera: Curculionidae) in Bulgarian forests. Phytoparasitica 39, 343–352.",https://doi.org/10.1007/s12600-011-0167-3,full text
3cd970ea-0cac-813c-bcb1-e97f17559da9,782,Taphrorychus villifrons,3cd970ea-0cac-81fe-bf65-c7f2d8493349,Nosema sp.,Microsporidia,,,pathogen,,,,Bulgaria,2011,"Takov et al., 2011","Takov, D., Doychev, D., Linde, A., Draganova, S., Pilarska, D., 2011. Pathogens of bark beetles (Coleoptera: Curculionidae) in Bulgarian forests. Phytoparasitica 39, 343–352.",https://doi.org/10.1007/s12600-011-0167-3,full text
3cd970ea-0cac-812a-b170-eb97530442ad,783,Ips acuminatus,3cd970ea-0cac-81e3-9078-eb847964ce01,Chytridiopsis sp.,Microsporidia,,,pathogen,,,,Bulgaria,2011,"Takov et al., 2011","Takov, D., Doychev, D., Linde, A., Draganova, S., Pilarska, D., 2011. Pathogens of bark beetles (Coleoptera: Curculionidae) in Bulgarian forests. Phytoparasitica 39, 343–352.",https://doi.org/10.1007/s12600-011-0167-3,full text
3cd970ea-0cac-81f0-9be2-dfd63db8db93,814,Ips typographus,3cd970ea-0cac-81e7-bd37-c7209a5601d7,Chytridiopsis typographi,Microsporidia,,,,morphological,,,Bulgaria,2012,"Takov et al., 2012","Takov, D. I., Doychev, D. D., Linde, A., Atanasova Draganova, S., & Kirilova Pilarska, D. (2012). Pathogens of bark beetles (Curculionidae: Scolytinae) and other beetles in Bulgaria. Biologia, 67(5), 966-972.",https://doi.org/10.2478/s11756-012-0086-x,full text
3cd970ea-0cac-8192-ab1b-d88bf6391225,817,Ips amitinus,3cd970ea-0cac-815a-a757-ffcc6a0735b5,Chytridiopsis sp.,Microsporidia,,,,morphological,,,Bulgaria,2012,"Takov et al., 2012","Takov, D. I., Doychev, D. D., Linde, A., Atanasova Draganova, S., & Kirilova Pilarska, D. (2012). Pathogens of bark beetles (Curculionidae: Scolytinae) and other beetles in Bulgaria. Biologia, 67(5), 966-972.",https://doi.org/10.2478/s11756-012-0086-x,full text
3cd970ea-0cac-81af-8b9b-cd9ded9a4eab,818,Orthotomicus longicollis,3cd970ea-0cac-819c-8ea1-e4b3fb0ecf1c,Chytridiopsis sp.,Microsporidia,,,,morphological,,,Bulgaria,2012,"Takov et al., 2012","Takov, D. I., Doychev, D. D., Linde, A., Atanasova Draganova, S., & Kirilova Pilarska, D. (2012). Pathogens of bark beetles (Curculionidae: Scolytinae) and other beetles in Bulgaria. Biologia, 67(5), 966-972.",https://doi.org/10.2478/s11756-012-0086-x,full text
3cd970ea-0cac-8188-983c-d6943cffccbb,855,Ips typographus,3cd970ea-0cac-81e7-bd37-c7209a5601d7,Chytridiopsis typographi,Microsporidia,isolated from infected beetle,,,,infection test,,,2007,Tonka et al. 2007,"Tonka, T., Pultar, O., & Weiser, J. (2007). Survival of the spruce bark beetle, Ips typographus, infected with pathogens or parasites. IOBC WPRS BULLETIN, 30(1), 211-215.",https://www.researchgate.net/profile/Milan-Pernek/publication/311344954_Occurence_of_Gregarina_typographi_Sporozoa_Gregarinidae_and_Metschnikowia_cf_typographi_Ascomycota_Metschnikowiacae_in_Ips_sexdentatus_Coleoptera_Scolytidae_from_Austria/links/5f16b54d92851cd5fa39b48c/Occurence-of-Gregarina-typographi-Sporozoa-Gregarinidae-and-Metschnikowia-cf-typographi-Ascomycota-Metschnikowiacae-in-Ips-sexdentatus-Coleoptera-Scolytidae-from-Austria.pdf#page=140,full text
3cd970ea-0cac-8184-8614-e444df285f11,858,Ips typographus,3cd970ea-0cac-81e7-bd37-c7209a5601d7,Chytridiopsis typographi,Microsporidia,isolated from beetle,,,,,,Czech Republic,2010,"Tonka et al., 2010","Tonka, T., Weiser Jr, J., & Weiser, J. (2010). Budding: a new stage in the development of Chytridiopsis typographi (Zygomycetes: Microsporidia). Journal of invertebrate pathology, 104(1), 17-22.",https://doi.org/10.1016/j.jip.2010.01.003,full text
3cd970ea-0cac-81e5-a0a2-cd9cd782b02e,867,Ips typographus,3cd970ea-0cac-81e7-bd37-c7209a5601d7,Chytridiopsis typographi,Microsporidia,,,,,,,Germany,1996,"Wegensteiner and Weiser, 1996a","Wegensteiner R. & J. Weiser 1996a. Untersuchungen zum Auftreten von Pathogenen bei Ips typographus (Coleoptera, Scolytidae) aus einem Naturschutzgebiet im Schwarzwald (Baden-Württemberg). Anzeiger für Schädlingskunde, Pflanzenschutz, Umweltschutz 69, 162-67.",https://doi.org/10.1007/BF01906808,full text
3cd970ea-0cac-81f8-a73e-dd6c79d3bb3f,868,Ips typographus,3cd970ea-0cac-81e7-bd37-c7209a5601d7,Nosema typographi,Microsporidia,,,,,,,Germany,1996,"Wegensteiner and Weiser, 1996a","Wegensteiner R. & J. Weiser 1996a. Untersuchungen zum Auftreten von Pathogenen bei Ips typographus (Coleoptera, Scolytidae) aus einem Naturschutzgebiet im Schwarzwald (Baden-Württemberg). Anzeiger für Schädlingskunde, Pflanzenschutz, Umweltschutz 69, 162-67.",https://doi.org/10.1007/BF01906808,full text
3cd970ea-0cac-817e-9402-c5f0d4d49a84,872,Ips typographus,3cd970ea-0cac-81e7-bd37-c7209a5601d7,Chytridiopsis typographi,Microsporidia,,,,,,,Czech Republic,1996,"Wegensteiner and Weiser, 1996b","Wegensteiner R. & J. Weiser 1996b. Occurrence of Chytridiopsis typographi (Microspora, Chytridiopsida) in Ips typographus L. (Coleoptera, Scolytidae) field populations and in a laboratory stock. Journal of Applied Entomology 120, 595-602.",https://doi.org/10.1111/j.1439-0418.1996.tb01657.x,full text
3cd970ea-0cac-8184-b989-d14e39766b3f,874,Ips typographus,3cd970ea-0cac-81e7-bd37-c7209a5601d7,Unikaryon montanum,Microsporidia,evaluation of pathogen from beetles,,,morphological,,,Austria,2004,"Wegensteiner and Weiser, 2004","Wegensteiner, R., Weiser, J., 2004. Annual variation of pathogen occurrence and pathogen prevalence in Ips typographus (Coleoptera, Scolytidae) from the BOKU University Forest Demonstration Centre. J. Pest Sci. 77, 221–228.",https://doi.org/10.1007/s10340-004-0056-3,full text
3cd970ea-0cac-81bf-8bb3-c638e2d6aa2d,876,Ips typographus,3cd970ea-0cac-81e7-bd37-c7209a5601d7,Chytridiopsis typographi,Microsporidia,evaluation of pathogen from beetles,,,morphological,,,Austria,2004,"Wegensteiner and Weiser, 2004","Wegensteiner, R., Weiser, J., 2004. Annual variation of pathogen occurrence and pathogen prevalence in Ips typographus (Coleoptera, Scolytidae) from the BOKU University Forest Demonstration Centre. J. Pest Sci. 77, 221–228.",https://doi.org/10.1007/s10340-004-0056-3,full text
3cd970ea-0cac-8123-b1c3-d4a6e30e1da2,879,Ips typographus,3cd970ea-0cac-81e7-bd37-c7209a5601d7,Nosema typographi,Microsporidia,evaluation of pathogen from beetles,,,,,,,1996,"Wegensteiner et al., 1996","Wegensteiner R., J. Weiser & E. Führer 1996. Observations on the occurrence of pathogens in the bark beetle Ips typographus L. (Coleoptera, Scolytidae). Journal of Applied Entomology 120, 199-204.",https://doi.org/10.1111/j.1439-0418.1996.tb01591.x,full text
3cd970ea-0cac-8116-ab71-f3b58dc9717a,880,Ips typographus,3cd970ea-0cac-81e7-bd37-c7209a5601d7,Malamoeba scolyti,Microsporidia,evaluation of pathogen from beetles,,,,,,,1996,"Wegensteiner et al., 1996","Wegensteiner R., J. Weiser & E. Führer 1996. Observations on the occurrence of pathogens in the bark beetle Ips typographus L. (Coleoptera, Scolytidae). Journal of Applied Entomology 120, 199-204.",https://doi.org/10.1111/j.1439-0418.1996.tb01591.x,full text
3cd970ea-0cac-81cf-80c1-ce4bc18bbc92,881,Ips typographus,3cd970ea-0cac-81e7-bd37-c7209a5601d7,Chytridiopsis typographi,Microsporidia,evaluation of pathogen from beetles,,,,,,Austria,1996,"Wegensteiner et al., 1996","Wegensteiner R., J. Weiser & E. Führer 1996. Observations on the occurrence of pathogens in the bark beetle Ips typographus L. (Coleoptera, Scolytidae). Journal of Applied Entomology 120, 199-204.",https://doi.org/10.1111/j.1439-0418.1996.tb01591.x,full text
3cd970ea-0cac-8199-ac2a-c970149cbb70,882,Ips typographus,3cd970ea-0cac-81e7-bd37-c7209a5601d7,Chytridiopsis typographi,Microsporidia,evaluation of pathogen from beetles,,,,,,Czech Republic,1996,"Wegensteiner et al., 1996","Wegensteiner R., J. Weiser & E. Führer 1996. Observations on the occurrence of pathogens in the bark beetle Ips typographus L. (Coleoptera, Scolytidae). Journal of Applied Entomology 120, 199-204.",https://doi.org/10.1111/j.1439-0418.1996.tb01591.x,full text
3cd970ea-0cac-81f6-8c42-da8a437d565e,889,Ips typographus,3cd970ea-0cac-81e7-bd37-c7209a5601d7,Chytridiopsis typographi,Microsporidia,,,,,,,Switzerland,2007,"Wegensteiner et al., 2007b","Wegensteiner, R., Epper, C., Wermelinger, B., 2007b. Untersuchungen über das Auftreten und die Dynamik von Pathogenen bei Ips typographus (Coleoptera, Scolytinae) in Befallsherden unter besonderer Berücksichtigung von Protozoen. Mitt. Schweiz. Entomol. Ges. 80, 79–90.",https://www.e-periodica.ch/digbib/view?pid=seg-001%3A2007%3A80%3A%3A96,full text
3cd970ea-0cac-810e-9a8f-c5806e9ba03b,891,Ips typographus,3cd970ea-0cac-81e7-bd37-c7209a5601d7,Chytridiopsis typographi,Microsporidia,,,pathogen; occurrence survey,,,,Austria,2010,"Wegensteiner et al., 2010","Wegensteiner, R., Dedryver, C.-A., Pierre, J.-S., 2010. The comparative prevalence and demographic impact of two pathogens in swarming Ips typographus adults: a quantitative analysis of long term trapping data. Agric. For. Entomol. 12, 49–57.",https://doi.org/10.1111/j.1461-9563.2009.00449.x,full text
3cd970ea-0cac-8199-be57-eb35ae67f9a8,894,Ips typographus,3cd970ea-0cac-81e7-bd37-c7209a5601d7,Chytridiopsis typographi,Microsporidia,,,pathogen; occurrence survey,,,,Austria,2014,"Wegensteiner et al., 2014","Wegensteiner, R., Stradner, A., & Händel, U. (2014). Occurrence of pathogens in Ips typographus (Coleoptera: Curculionidae) and in other spruce bark beetles from the wilderness reserve Dürrenstein (Lower Austria). Biologia, 69(1), 92-100.",https://doi.org/10.2478/s11756-013-0286-z,full text
3cd970ea-0cac-8168-975c-e05dfc6c1ceb,896,Ips typographus,3cd970ea-0cac-81e7-bd37-c7209a5601d7,Nosema typographi,Microsporidia,,,pathogen; occurrence survey,,,,Austria,2014,"Wegensteiner et al., 2014","Wegensteiner, R., Stradner, A., & Händel, U. (2014). Occurrence of pathogens in Ips typographus (Coleoptera: Curculionidae) and in other spruce bark beetles from the wilderness reserve Dürrenstein (Lower Austria). Biologia, 69(1), 92-100.",https://doi.org/10.2478/s11756-013-0286-z,full text
3cd970ea-0cac-8143-a7e1-ff876c6acf20,897,Ips typographus,3cd970ea-0cac-81e7-bd37-c7209a5601d7,Unikaryon montanum,Microsporidia,,,pathogen; occurrence survey,,,,Austria,2014,"Wegensteiner et al., 2014","Wegensteiner, R., Stradner, A., & Händel, U. (2014). Occurrence of pathogens in Ips typographus (Coleoptera: Curculionidae) and in other spruce bark beetles from the wilderness reserve Dürrenstein (Lower Austria). Biologia, 69(1), 92-100.",https://doi.org/10.2478/s11756-013-0286-z,full text
3cd970ea-0cac-81ea-8308-cf9785a3b499,898,Ips typographus,3cd970ea-0cac-81e7-bd37-c7209a5601d7,Malamoeba scolyti,Microsporidia,,,pathogen; occurrence survey,,,,Austria,2014,"Wegensteiner et al., 2014","Wegensteiner, R., Stradner, A., & Händel, U. (2014). Occurrence of pathogens in Ips typographus (Coleoptera: Curculionidae) and in other spruce bark beetles from the wilderness reserve Dürrenstein (Lower Austria). Biologia, 69(1), 92-100.",https://doi.org/10.2478/s11756-013-0286-z,full text
3cd970ea-0cac-8179-9e68-d45496d07a85,901,Pityogenes chalcographus,3cd970ea-0cac-81ae-b124-f43044691162,Chytridiopsis typographi,Microsporidia,,,pathogen; occurrence survey,,,,Austria,2014,"Wegensteiner et al., 2014","Wegensteiner, R., Stradner, A., & Händel, U. (2014). Occurrence of pathogens in Ips typographus (Coleoptera: Curculionidae) and in other spruce bark beetles from the wilderness reserve Dürrenstein (Lower Austria). Biologia, 69(1), 92-100.",https://doi.org/10.2478/s11756-013-0286-z,full text
3cd970ea-0cac-81c7-bf31-eb0d1b532236,903,Ips amitinus,3cd970ea-0cac-815a-a757-ffcc6a0735b5,Chytridiopsis typographi,Microsporidia,,,pathogen; occurrence survey,,,,Austria,2014,"Wegensteiner et al., 2014","Wegensteiner, R., Stradner, A., & Händel, U. (2014). Occurrence of pathogens in Ips typographus (Coleoptera: Curculionidae) and in other spruce bark beetles from the wilderness reserve Dürrenstein (Lower Austria). Biologia, 69(1), 92-100.",https://doi.org/10.2478/s11756-013-0286-z,full text
3cd970ea-0cac-8186-a3d7-c81daa6832fa,915,Ips typographus,3cd970ea-0cac-81e7-bd37-c7209a5601d7,Chytridiopsis typographi,Microsporidia,,,pathogen; occurrence survey,morphological,,,Austria,2015,"Wegensteiner et al., 2015","Wegensteiner, R., Tkaczuk, C., Bałazy, S., Griesser, S., Rouffaud, M. A., Stradner, A., ... & Papierok, B. (2015). Occurrence of pathogens in populations of Ips typographus, Ips sexdentatus (Coleoptera, Curculionidae, Scolytinae) and Hylobius spp.(Coleoptera, Curculionidae, Curculioninae) from Austria, Poland and France. Acta Protozoologica, 54(3).",https://psjd.icm.edu.pl/psjd/element/bwmeta1.element.ojs-issn-1689-0027-year-2015-volume-54-issue-3-article-4248,full text
3cd970ea-0cac-81bf-834b-fd4d8ffefee7,916,Ips typographus,3cd970ea-0cac-81e7-bd37-c7209a5601d7,Chytridiopsis typographi,Microsporidia,,,pathogen; occurrence survey,morphological,,,Poland,2015,"Wegensteiner et al., 2015","Wegensteiner, R., Tkaczuk, C., Bałazy, S., Griesser, S., Rouffaud, M. A., Stradner, A., ... & Papierok, B. (2015). Occurrence of pathogens in populations of Ips typographus, Ips sexdentatus (Coleoptera, Curculionidae, Scolytinae) and Hylobius spp.(Coleoptera, Curculionidae, Curculioninae) from Austria, Poland and France. Acta Protozoologica, 54(3).",https://psjd.icm.edu.pl/psjd/element/bwmeta1.element.ojs-issn-1689-0027-year-2015-volume-54-issue-3-article-4248,full text
3cd970ea-0cac-81f1-afcf-e4424ee09646,917,Ips typographus,3cd970ea-0cac-81e7-bd37-c7209a5601d7,Chytridiopsis typographi,Microsporidia,,,pathogen; occurrence survey,morphological,,,France,2015,"Wegensteiner et al., 2015","Wegensteiner, R., Tkaczuk, C., Bałazy, S., Griesser, S., Rouffaud, M. A., Stradner, A., ... & Papierok, B. (2015). Occurrence of pathogens in populations of Ips typographus, Ips sexdentatus (Coleoptera, Curculionidae, Scolytinae) and Hylobius spp.(Coleoptera, Curculionidae, Curculioninae) from Austria, Poland and France. Acta Protozoologica, 54(3).",https://psjd.icm.edu.pl/psjd/element/bwmeta1.element.ojs-issn-1689-0027-year-2015-volume-54-issue-3-article-4248,full text
3cd970ea-0cac-81ef-b396-cad683e3445b,930,Trypodendron lineatum,3cd970ea-0cac-81f6-9fae-dff5cefc9112,Chytridiopsis sp.,Microsporidia,,,parasite; association report,,,,Austria,2016,"Wegensteiner et al., 2016","Wegensteiner, R., Lukášová, K., Vanická, H., Zimová, S., Kacprzyk, M., & Holuša, J. (2016). Extremely low infection levels of pathogens and nematodes in Trypodendron spp.(Coleoptera: Curculionidae). Central European Forestry Journal, 62(4), 202-206.",https://reference-global.com/download/article/10.1515/forj-2016-0025.pdf,full text
3cd970ea-0cac-81f3-9eef-edbab32ccbb8,933,Ips typographus,3cd970ea-0cac-81e7-bd37-c7209a5601d7,Chytridiopsis typographi,Microsporidia,,,,,,,Austria,1994,"Wegensteiner, 1994","Wegensteiner R. 1994. Chytridiopsis typographi (Protozoa, Microsporidia) and other pathogens in Ips typographus (Coleoptera, Scolytidae). IOBC/wprs Bulletin Vol. 17 (3), 39-42.",https://www.cabidigitallibrary.org/doi/full/10.5555/19951105736,only English abstract
3cd970ea-0cac-813b-b3b5-dd6914aaad99,939,Pityokteines spinidens,3cd970ea-0cac-8193-91d3-d4f783a52218,Canningia spinidentis,Microsporidia,evaluation of pathogen from beetles,,,,,,Austria,1995,"Weiser et al., 1995","Weiser, J., Wegensteiner, R.,Zizka, Z., 1995. Canningia spinidentis gen. et sp.n. (Protista: Microspora), a new pathogen of the fir bark beetle Pityokteines spinidens. Folia Parasit 42, 1–10.",https://www.researchgate.net/profile/Zdenek-Zizka-4/publication/286002304_Canningia_spinidentis_gen_et_sp_n_Protista_Microspora_a_new_pathogen_of_the_fir_bark_beetle_Pityokteines_spinidens/links/5f96c91f299bf1b53e45f95e/Canningia-spinidentis-gen-et-sp-n-Protista-Microspora-a-new-pathogen-of-the-fir-bark-beetle-Pityokteines-spinidens.pdf,full text
3cd970ea-0cac-81d4-91be-ff8981277a07,940,Ips typographus,3cd970ea-0cac-81e7-bd37-c7209a5601d7,Nosema typographi,Microsporidia,,,,,,,,1997,"Weiser et al., 1997","Weiser, J., Wegensteiner, R., & Žižka, Z. (1997). Ultrastructures of Nosema typographi Weiser 1955 (Microspora: Nosematidae) of the Bark Beetle Ips typographusL.(Coleoptera; Scolytidae). Journal of invertebrate pathology, 70(2), 156-160.",https://doi.org/10.1006/jipa.1997.4677,full text
3cd970ea-0cac-81a3-b030-f966b31137da,942,Polygraphus poligraphus,3cd970ea-0cac-8198-96bc-d4687d039075,Unikaryon polygraphi,Microsporidia,,,,,pathogenicity test,,Austria,2002,"Weiser et al., 2002","Weiser, J., Händel, U., Wegensteiner, R., & Zizka, Z. (2002). Unikaryon polygraphi sp. n.(Protista, Microspora): a new pathogen of the four‐eyed spruce bark beetle Polygraphus poligraphus (Col., Scolytidae). Journal of Applied Entomology, 126(2‐3), 148-154.",https://doi.org/10.1046/j.1439-0418.2002.00617.x,full text
3cd970ea-0cac-818f-b4f2-c6d559a73e34,951,Ips typographus,3cd970ea-0cac-81e7-bd37-c7209a5601d7,Chytridiopsis typographi,Microsporidia,evaluation of pathogen from beetles,,occurrence survey,,,,Czech Republic,2006,"Weiser et al., 2006","Weiser, J., Holuša, J., & Žižka, Z. (2006). Larssoniella duplicati n. sp.(Microsporidia, Unikaryonidae), a newly described pathogen infecting the double-spined spruce bark beetle, Ips duplicatus (Coleoptera, Scolytidae) in the Czech Republic. Journal of Pest Science, 79(3), 127-135.",https://doi.org/10.1007/s10340-006-0124-y,full text
3cd970ea-0cac-81b4-9de1-f3a6bc990cbb,952,Ips typographus,3cd970ea-0cac-81e7-bd37-c7209a5601d7,Nosema typographi,Microsporidia,evaluation of pathogen from beetles,,occurrence survey,,,,Czech Republic,2006,"Weiser et al., 2006","Weiser, J., Holuša, J., & Žižka, Z. (2006). Larssoniella duplicati n. sp.(Microsporidia, Unikaryonidae), a newly described pathogen infecting the double-spined spruce bark beetle, Ips duplicatus (Coleoptera, Scolytidae) in the Czech Republic. Journal of Pest Science, 79(3), 127-135.",https://doi.org/10.1007/s10340-006-0124-y,full text
3cd970ea-0cac-816c-b6a2-f601f92ac40a,955,Ips duplicatus,3cd970ea-0cac-8141-8c9c-eda2a1055c4c,Chytridiopsis typographi,Microsporidia,evaluation of pathogen from beetles,,occurrence survey,,,,Czech Republic,2006,"Weiser et al., 2006","Weiser, J., Holuša, J., & Žižka, Z. (2006). Larssoniella duplicati n. sp.(Microsporidia, Unikaryonidae), a newly described pathogen infecting the double-spined spruce bark beetle, Ips duplicatus (Coleoptera, Scolytidae) in the Czech Republic. Journal of Pest Science, 79(3), 127-135.",https://doi.org/10.1007/s10340-006-0124-y,full text
3cd970ea-0cac-81e7-9f42-e46e44b8b464,958,Ips typographus,3cd970ea-0cac-81e7-bd37-c7209a5601d7,Chytridiopsis typographi,Microsporidia,,,,,,,Czech Republic; Slovakia,1954,"Weiser, 1954","Weiser, J. (1954). Beitrag zur Kenntnis der Parasiten des Borkenkäfers Ips typographus I. Věstník Československé Společnosti Zoologické, 18, 179-212.",,non full text
3cd970ea-0cac-8141-904b-eaec490c36b6,959,Ips typographus,3cd970ea-0cac-81e7-bd37-c7209a5601d7,Nosema typographi,Microsporidia,,fat body,,,,,,1955,"Weiser, 1955","Weiser, J. (1955). Beitrag zur Kenntnis der Parasiten des Borkenkäfers Ips typographus II. Věstník Československé Společnosti Zoologické, 19, 374-380.",,non full text
3cd970ea-0cac-815c-8bf8-c58ba6e2beab,960,Pityokteines curvidens,3cd970ea-0cac-81f8-9105-d2ffa788e0b5,Nosema curvidentis,Microsporidia,,fat body,,,,,Slovakia,1961,"Weiser, 1961","Weiser, J. (1961). A new microsporidian from the bark beetle Pityokteines curvidens Germar (Coleoptera, Scolytidae) in Czechoslovakia.",https://www.cabidigitallibrary.org/doi/full/10.5555/19610602425,only English abstract
3cd970ea-0cac-8105-b25d-da0cf69b4f29,961,Scolytus scolytus,3cd970ea-0cac-818b-a96b-ee29650d93b8,Pleistophora scolyti,Microsporidia,evaluation of pathogen from beetles,,,,,,Slovakia,1968,"Weiser, 1968","Weiser, J., 1968. Plistophora scolyti sp.n. (Protozoa, Microsporidia) a new parasite of Scolytus scolytus F. (Col., Scolytidae). Folia Parasitol. 15, 11–14.",https://folia.paru.cas.cz/pdfs/fol/1968/01/02.pdf,full text
3cd970ea-0cac-81ba-a85f-f26015716a2a,962,Dendroctonus pseudotsugae,3cd970ea-0cac-818b-8879-fe03575b52dd,Nosema dendroctoni,Microsporidia,evaluation of pathogen from beetles,malpighian tubules; fat body,,,,,Canada,1970,"Weiser, 1970","Weiser, J. (1970). Three new pathogens of the Douglas fir beetle, Dendroctonus pseudotsugae: Nosema dendroctoni n. sp., Ophryocystic dendroctoni n. sp., and Chytridiopsis typographi n. comb. Journal of Invertebrate Pathology, 16(3), 436-441.",https://doi.org/10.1016/0022-2011(70)90164-3,full text
3cd970ea-0cac-8189-a286-ff53b4e3cfc8,963,Dendroctonus pseudotsugae,3cd970ea-0cac-818b-8879-fe03575b52dd,Ophryocystis dendroctoni,Microsporidia,evaluation of pathogen from beetles,malpighian tubules,,,,,Canada,1970,"Weiser, 1970","Weiser, J. (1970). Three new pathogens of the Douglas fir beetle, Dendroctonus pseudotsugae: Nosema dendroctoni n. sp., Ophryocystic dendroctoni n. sp., and Chytridiopsis typographi n. comb. Journal of Invertebrate Pathology, 16(3), 436-441.",https://doi.org/10.1016/0022-2011(70)90164-3,full text
3cd970ea-0cac-81b2-840c-f1f004f67bf1,964,Dendroctonus pseudotsugae,3cd970ea-0cac-818b-8879-fe03575b52dd,Chytridiopsis typographi,Microsporidia,evaluation of pathogen from beetles,gut wall,,,,,Canada,1970,"Weiser, 1970","Weiser, J. (1970). Three new pathogens of the Douglas fir beetle, Dendroctonus pseudotsugae: Nosema dendroctoni n. sp., Ophryocystic dendroctoni n. sp., and Chytridiopsis typographi n. comb. Journal of Invertebrate Pathology, 16(3), 436-441.",https://doi.org/10.1016/0022-2011(70)90164-3,full text
3cd970ea-0cac-8128-8b27-f4b88724cc74,991,Ips acuminatus,3cd970ea-0cac-81e3-9078-eb847964ce01,Chytridiopsis cf. typographi,Microsporidia,evaluation of pathogen from beetles,,,morphological,,,Turkey,2016,"Yaman et al., 2016","Yaman, M., Algi, G., Unal, S., & Guner, B. G. (2016). Survey of pathogens and parasites of the engraver beetle Ips acuminatus (Gyllenhal, 1827)(Coleoptera: Curculionidae: Scolytinae) in Turkey. Acta zoologica bulgarica, 68(1), 127-130.",https://www.acta-zoologica-bulgarica.eu/downloads/acta-zoologica-bulgarica/2016/68-1-127-130.pdf,full text
3cd970ea-0cac-8181-b947-d6881e60dd83,1000,Ips duplicatus,3cd970ea-0cac-8141-8c9c-eda2a1055c4c,Larssoniella duplicati,Microsporidia,,,occurrence survey,,,,Sweden,2019,"Zimová et al., 2019","Zimová, S., Resnerová, K., Vanická, H., Horák, J., Trombik, J., Kacprzyk, M., ... & Holuša, J. (2019). Infection Levels of the Microsporidium Larssoniella duplicati in populations of the invasive bark beetle Ips Duplicatus: from native to new outbreak areas. Forests, 10(2), 131.",https://doi.org/10.3390/f10020131,full text
3cd970ea-0cac-816d-923d-ce8f43c3f8b4,1001,Ips duplicatus,3cd970ea-0cac-8141-8c9c-eda2a1055c4c,Larssoniella duplicati,Microsporidia,,,occurrence survey,,,,Poland,2019,"Zimová et al., 2019","Zimová, S., Resnerová, K., Vanická, H., Horák, J., Trombik, J., Kacprzyk, M., ... & Holuša, J. (2019). Infection Levels of the Microsporidium Larssoniella duplicati in populations of the invasive bark beetle Ips Duplicatus: from native to new outbreak areas. Forests, 10(2), 131.",https://doi.org/10.3390/f10020131,full text
3cd970ea-0cac-8159-a98a-e945b8bbd6e4,1002,Ips duplicatus,3cd970ea-0cac-8141-8c9c-eda2a1055c4c,Larssoniella duplicati,Microsporidia,,,occurrence survey,,,,Czech Republic,2019,"Zimová et al., 2019","Zimová, S., Resnerová, K., Vanická, H., Horák, J., Trombik, J., Kacprzyk, M., ... & Holuša, J. (2019). Infection Levels of the Microsporidium Larssoniella duplicati in populations of the invasive bark beetle Ips Duplicatus: from native to new outbreak areas. Forests, 10(2), 131.",https://doi.org/10.3390/f10020131,full text
3cd970ea-0cac-8195-b2b2-dba72df3d36a,1003,Ips duplicatus,3cd970ea-0cac-8141-8c9c-eda2a1055c4c,Larssoniella duplicati,Microsporidia,,,occurrence survey,,,,Romania,2019,"Zimová et al., 2019","Zimová, S., Resnerová, K., Vanická, H., Horák, J., Trombik, J., Kacprzyk, M., ... & Holuša, J. (2019). Infection Levels of the Microsporidium Larssoniella duplicati in populations of the invasive bark beetle Ips Duplicatus: from native to new outbreak areas. Forests, 10(2), 131.",https://doi.org/10.3390/f10020131,full text
3cd970ea-0cac-81dd-9102-e86a154bcd33,1004,Ips duplicatus,3cd970ea-0cac-8141-8c9c-eda2a1055c4c,Chytridiopsis typographi,Microsporidia,,,occurrence survey,,,,Sweden,2019,"Zimová et al., 2019","Zimová, S., Resnerová, K., Vanická, H., Horák, J., Trombik, J., Kacprzyk, M., ... & Holuša, J. (2019). Infection Levels of the Microsporidium Larssoniella duplicati in populations of the invasive bark beetle Ips Duplicatus: from native to new outbreak areas. Forests, 10(2), 131.",https://doi.org/10.3390/f10020131,full text
3cd970ea-0cac-8103-8b4e-f314fd3ec16f,1005,Ips duplicatus,3cd970ea-0cac-8141-8c9c-eda2a1055c4c,Chytridiopsis typographi,Microsporidia,,,occurrence survey,,,,Czech Republic,2019,"Zimová et al., 2019","Zimová, S., Resnerová, K., Vanická, H., Horák, J., Trombik, J., Kacprzyk, M., ... & Holuša, J. (2019). Infection Levels of the Microsporidium Larssoniella duplicati in populations of the invasive bark beetle Ips Duplicatus: from native to new outbreak areas. Forests, 10(2), 131.",https://doi.org/10.3390/f10020131,full text
