Reference No.,Citation
1,A new record of Beauveria isolated from Scolytidae in China
2,A preliminary report on the virulence of Beauveria bassiana against Phloeosinus sinensis and three other insect pests
3,"Andrei, A. M., Lupăştean, D., Ciornei, C., Fătu, A. C., & Dinu, M. M. (2013). Laboratory Beauveria bassiana (Bals.) Vuill. bioassays on spruce bark beetle (Ips typographus L.). IOBC/WPRS Bulletin, 90, 93-96."
4,Application of entomopathogenic fungi in the integrated management of Tomicus piniperda
5,"Ashraf, M., 1968. Biological studies of Scolytus ventralis Le Conte (Coleoptera: Scolytidae) with particular reference to nematode parasite Sulphuretylenchus elongatus Massey. Ph.D. thesis, Washington State University, Pullman."
6,"Ashraf, M., Berryman, A.A., 1970. Biology of Sulphuretylenchus elongatus (Nematoda: Spaerulariidae) and its effect on its host Scolytus ventralis (Coleoptera: Scolytidae). Can. Entomol. 102, 197–213."
7,"Atkinson, T.H., Wilkinson, R.C., 1979. Microsporidian and nematode incidence in live-trapped and reared southern pine beetle adults. Fla. Entomol. 62, 169–175."
8,"Avery, P. B., Bojorque, V., Gámez, C., Duncan, R. E., Carrillo, D., & Cave, R. D. (2018). Spore acquisition and survival of ambrosia beetles associated with the laurel wilt pathogen in avocados after exposure to entomopathogenic fungi. Insects, 9(2), 49."
9,"Barson, G., 1976. Laboratory studies on the fungus Verticillium lecanii, a larval pathogen of the large elm bark beetle (Scolytus scolytus). Ann. Appl. Biol. 83, 207–214."
10,"Barta, M., Kautmanová, I., Čičková, H., Ferenčík, J., Florián, Š., Novotný, J., & Kozánek, M. (2018). Hypocrealean fungi associated with populations of Ips typographus in West Carpathians and selection of local Beauveria strains for effective bark beetle control. Biologia, 73(1), 53-65."
11,"Barta, M., Kautmanová, I., Čičková, H., Ferenčík, J., Florián, Š., Novotný, J., & Kozánek, M. (2018). The potential of Beauveria bassiana inoculum formulated into a polymeric matrix for a microbial control of spruce bark beetle. Biocontrol Science and Technology, 28(7), 718-735."
12,"Barta, M., Takov, D., Pilarska, D., Doychev, D., & Horáková, M. K. (2020). Entomopathogenic fungi of the genus Beauveria and their pathogenicity to Ips typographus (Coleoptera: Curculionidae) in the Vitosha National Park, Bulgaria. Journal of Forest Science, 66(10), 420."
13,"Bałazy, S., 1962. Observations on appearing of some entomogenous fungi of fungi imperfecti group of forest insects. Polskie Pismo Entomologiczne, 149–164, Ser. B, 3–4."
14,"Bałazy, S., 1963. The fungus Cephalosporium (Acrostalagmus) lecanii Zimm., a pathogen of beetle larvae. Acta Societatis Botanicorum Poloniae 32, 69–80."
15,"Bałazy, S., 1965. Entomopathogenous fungi from the order Hyphomycetes damaging forest insects in Poland. Roczniki Wyzszej Szkoly Rolniczej w Poznaniu 27, 21–30."
16,"Bałazy, S., 1966. Living organisms regulating population density of bark beetles in spruce forests, with special reference to entomopathogenic fungi I. Poznanskie Towarzystwo Przyjaciol Nauk Wydzial Nauk Rolniczych I Lesnych 21, 3–50."
17,"Bałazy, S., 1973. A review of entomopathogenic species of the genus Cephalosporium Corda (Mycota, Hyphomycetales). Bulletin de la societe des Amis des Sciences et des Lettres de Poznan, Ser. D 14, 101–137."
18,"Bałazy, S., Bargielski, J., Ziółkowski, G., & Czerwińska, C. (1967). Śmiertelność dorosłych chrząszczy kornika drukarza–Ips typographus (L.)(Col., Scolytidae) w żerowiskachijej przyczyny. Polskie Pismo Entomologiczne, 37(1), 201-205."
19,"Bałazy, S., Michalski, J., Ratajczak, E., 1987. Contribution to the knowledge of natural enemies of Ips acuminatus Gyll. (Coleoptera; Scolytidae). Polskie Pismo Entomologiczne 57, 735–745."
20,"Biryol, S., Soydinç, A., & İşık, S. (2024). Morphological, molecular identification and virulence of entomopathogenic fungi isolated from Dendroctonus micans (Kugelann, 1794)(Coleoptera: Curculionidae). Sakarya University Journal of Science, 28(2), 381-391."
21,"Bridges, J.R., 1987. Prevalence of Unikaryon minutum (Microsporidia: Nosematidae) infection in outbreak populations of the southern pine beetle (Coleoptera: Scolytidae). J. Invertebr. Pathol. 49, 334–335."
22,"Brownbridge, M., Reay, S.D., Cummings, N.J., 2010. Association of entomopathogenic fungi with exotic bark beetles in New Zealand pine plantations. Mycopathologia 169, 75–80."
23,"Burjanadze, M. (2007). Entomopathogenic fungi found on Ips typographus in Georgia. IOBC WPRS BULLETIN, 30(1), 155."
24,"Burjanadze, M., 2010. Efficacy of Beauveria bassiana isolate against pine shoot beetle Tomicus piniperda L. (Coleoptera, Scolytidae) in laboratory. Bull. Georgian Natl. Acad. Sci. 4, 119–122."
25,"Burjanadze, M., Goginashvili, N., 2009. Occurrence of pathogens and nematodes in the spruce bark beetle, Ips typographus (Col., Scolytidae) in Borjomi Gorge. Bull. Georgian Natl. Acad. Sci. 3, 145–150."
26,"Burjanadze, M., Lortkipanidze, M., Gorgadze, O., 2012. Influence of ecological factors on the formation of nematode fauna of bark beetles (Coleoptera Scolytidae). Bull. Georgian Natl. Acad. Sci 6, 133–136."
27,"Burjanadze, M., Lortkipanidze, M., Supatashvili, A., Gorgadze, O., 2011. Occurrence of pathogens and nematodes of bark beetles (Coleoptera, Scolytidae) from coniferous forests in different region of Georgia. IOBC/wprs Bull. 66, 351–354."
28,"Cane, J.H., Cox, H.E., Moar, W.J., 1995. Susceptibility of Ips calligraphus (Germar) and Dendroctonus frontalis (Zimmermann) (Coleoptera: Scolytidae) to coleopteran-active Bacillus thuringiensis, a Bacillus metabolite, and Avermectin B1. Can. Entomol. 127, 831–837."
29,"Cardoza, Y. J., Vasanthakumar, A., Suazo, A., & Raffa, K. F. (2009). Survey and phylogenetic analysis of culturable microbes in the oral secretions of three bark beetle species. Entomologia experimentalis et applicata, 131(2), 138-147."
30,"Carrillo, D., Dunlap, C. A., Avery, P. B., Navarrete, J., Duncan, R. E., Jackson, M. A., ... & Peña, J. E. (2015). Entomopathogenic fungi as biological control agents for the vector of the laurel wilt disease, the redbay ambrosia beetle, Xyleborus glabratus (Coleoptera: Curculionidae). Biological Control, 81, 44-50."
31,"Castrejón-Antonio, J. E., Tamez-Guerra, P., García-Ortiz, N., Muñiz-Paredes, F., Sánchez-Rangel, J. C., & Montesinos-Matías, R. (2023). Biocontrol of Xyleborus affinis (Curculionidae: Scolitinae) females and progeny by Beauveria bassiana (Hypocreales: Cordycipitaceae) in a sawdust artificial diet model. Insects, 14(5), 477."
32,"Castrejón-Antonio, J. E., Tamez-Guerra, P., Montesinos-Matías, R., Ek-Ramos, M. J., Garza-López, P. M., & Arredondo-Bernal, H. C. (2020). Selection of Beauveria bassiana (Hypocreales: Cordycipitaceae) strains to control Xyleborus affinis (Curculionidae: Scolytinae) females. PeerJ, 8, e9472."
33,"Castrejón-Antonio, J. E., Tamez-Guerra, P., Montesinos-Matías, R., Sánchez-Rangel, J. C., & Mendoza-Muñoz, N. (2025). Compatibility of Beauveria bassiana with Inverted Emulsions in Contaminated Surface Tests Against Xyleborus affinis1. Southwestern Entomologist, 50(1), 1-18."
34,"Castrillo, L. A., Griggs, M. H., & Vandenberg, J. D. (2013). Granulate ambrosia beetle, Xylosandrus crassiusculus (Coleoptera: Curculionidae), survival and brood production following exposure to entomopathogenic and mycoparasitic fungi. Biological control, 67(2), 220-226."
35,"Castrillo, L. A., Griggs, M. H., & Vandenberg, J. D. (2016). Competition between biological control fungi and fungal symbionts of ambrosia beetles Xylosandrus crassiusculus and X. germanus (Coleoptera: Curculionidae): mycelial interactions and impact on beetle brood production. Biological Control, 103, 138-146."
36,"Castrillo, L. A., Griggs, M. H., Ranger, C. M., Reding, M. E., & Vandenberg, J. D. (2011). Virulence of commercial strains of Beauveria bassiana and Metarhizium brunneum (Ascomycota: Hypocreales) against adult Xylosandrus germanus (Coleoptera: Curculionidae) and impact on brood. Biological Control, 58(2), 121-126."
37,"Castrillo, L. A., Wraight, S. P., Galaini-Wraight, S., Matsumoto, T. K., Howes, R. L., & Keith, L. M. (2020). Genetic diversity among naturally-occurring strains of Beauveria bassiana associated with the introduced coffee berry borer, Hypothenemus hampei,(Coleoptera: Curculionidae) on Hawai ‘i Island. Journal of invertebrate pathology, 175, 107456."
38,"Chararas C. 1957. Rev.Path.Veg.d’Ent.Agr.Fr. 36, 145-155; cit.: Postner, M. (1974): Scolytidae (=Ipidae), Borkenkäfer. In: Die Forstschädlinge Europas, Bd. 2.W. Schwenke (Ed), P. Parey."
39,"Chararas C. 1962. Encyclopedie Entomologique A, 38, Lechevalier, Paris; cit.: Postner, M. (1974): Scolytidae (=Ipidae), Borkenkäfer. In: Die Forstschädlinge Europas, Bd. 2. W. Schwenke (Ed), P. Parey."
40,"Chavez, A. V., Duren, E. B., Avery, P. B., Pitino, M., Duncan, R. E., Cruz, L. F., ... & Cave, R. D. (2023). Evaluation of spore acquisition, spore production, and host survival time for tea shot-hole borer, Euwallacea perbrevis, adults after exposure to four commercial products containing Beauveria bassiana. Insects, 14(9), 726."
41,"Choo, H.Y., Kaya, H.K., Shea, P., Noffsinger, E.M., 1987. Ecological study of nematode parasitism in Ips beetles from California and Idaho. J. Nematol. 19, 495–502."
42,"Davis, T. S., Mann, A. J., Malesky, D., Jankowski, E., & Bradley, C. (2018). Laboratory and field evaluation of the entomopathogenic fungus Beauveria bassiana (Deuteromycotina: Hyphomycetes) for population management of spruce beetle, Dendroctonus rufipennis (Coleoptera: Scolytinae), in felled trees and factors limiting pathogen success. Environmental entomology, 47(3), 594-602."
43,"Davis, T. S., Stewart, J. E., Mann, A., Bradley, C., & Hofstetter, R. W. (2019). Evidence for multiple ecological roles of Leptographium abietinum, a symbiotic fungus associated with the North American spruce beetle. Fungal Ecology, 38, 62-70."
44,"Davydenko, K., Vasaitis, R., Meshkova, V., & Menkis, A. (2014). Fungi associated with the red-haired bark beetle, Hylurgus ligniperda (Coleoptera: Curculionidae) in the forest-steppe zone in eastern Ukraine. European Journal of Entomology, 111(4), 561."
45,"Dinu, M. M., Lupăştean, D., Cardaş, G., & Andrei, A. M. (2012). New Beauveria bassiana (Bals.) Vuill. isolate from Ips duplicatus (Sahlberg). Romanian Journal of Plant Protection, 5, 12-15."
46,"Doane C.C. 1959. Beauveria bassiana as a pathogen of Scolytus multistriatus. Annals Entomological Society of America 52, 109-11."
47,"Doane C.C. 1960. Bacterial Pathogens of Scolytus multistriatus Marsham as related to crowding. Journal of Insect Pathology 2, 24.29."
48,"Doberski J.W. 1981. Comparative laboratory studies on three fungal pathogens of the elm bark beetle, Scolytus scolytus: Pathogenicity of Beauveria bassiana, Metarhizium anisopliae, and Paecilomyces farinosus to larvae and adults of S. scolytus. Journal of Invertebrate Pathology 37, 188-94."
49,"Doberski J.W. 1981. Comparative laboratory studies on three fungal pathogens of the elm bark beetle, Scolytus scolytus: effects of temperature and humidity on infection by Beauveria bassiana, Metarhizium anisopliae, and Paecilomyces farinosus. Journal of Invertebrate Pathology 37, 195-200."
50,"Draganova, S. A., Doychev, D. D., Pilarska, D. K., & Takov, D. I. (2017). Bioassays of entomopathogenic fungi against xylophagous insects in Bulgaria: laboratory and field experiments. Acta Zool. Bulg, 69, 411-419."
51,"Draganova, S. A., Takov, D. I., & Doychev, D. D. (2010). Naturally-occurring entomopathogenic fungi on three bark beetle species (Coleoptera: Curculionidae) in Bulgaria. Pesticidi i fitomedicina, 25(1), 59-63."
52,"Draganova, S., Pilarska, D., Takov, D., & Doychev, D. (2011). Utilization of carbohydrates by Beauveria bassiana isolates obtained from forest pests. Journal of Plant Protection Research."
53,Efficacy test of Metarhizium anisopliae for controlling bark beetles on grapes
54,"Fan, M.; C. Kuo & X. Lu 1988. Tentative study on entomopoxvirus of Dendroctonus armandi Tsai et Li. Journal Disinsectional Microorganism 1, 140-41."
55,"Fora, C. G., Boja, N., Moatăr, M., Tóth, F., & Balog, A. (2022). Effect of entomopathogenic fungi, Beauveria bassiana (Cordycipitaceae), on the bark beetle, Ips typographus (L.), under field conditions. Insects, 13(10), 885."
56,"Fuchs G. 1915. Die Naturgeschichte der Nematoden und einiger anderer Parasiten 1. des Ips typographus L. 2. des Hylobius abietis L. Zoologische Jahrbücher, Abteilung für Systematik 38, 109-222."
57,"Fuchs, G., 1914a. Tylenchus dispar curvidentis m. und Tylenchus dispar cryphali m. Zool. Anz. 45, 195–207."
58,"Gasperl H. 2002. Grundlegende Erhebungen zum Borkenkäferauftreten an Fichten-Fangbäumen und zum Pathogenauftreten in Borkenkäfern aus dem geplanten Nationalpark Gesäuse. Diploma thesis, Universität für Bodenkultur Wien."
59,"Glare, T. R., Reay, S. D., Nelson, T. L., & Moore, R. (2008). Beauveria caledonica is a naturally occurring pathogen of forest beetles. Mycological Research, 112(3), 352-360."
60,"Gokturk, T., Burjanadze, M., Aksu, Y., Supatashvili, A., 2010. Nature enemies—predators, pathogens and parasitic nematodes of bark beetles in Hatila Valley National Park of Turkey. Proc. Georgian Acad. Sci., Biol. Ser. Bull. Am. Meteorol. Soc. 8, 59–71."
61,"Gusteleva L.A. 1982a. Prospects for using microbial preparations against Ips subelongatus. Lesnoe Khozyaistvo 9, 67."
62,"Gusteleva L.A. 1982b. The interaction of wood decomposing insects with microorganisms. In: Konsortivnye svyazi dereva i dendrofil nykh nasekomykh, ed.: A.S. Isaev, 56-67."
63,"Gusteleva L.A. 1984. Virulence of Beauveria bassiana (Bals.) Vuill to the larvae of the bark beetle Ips subelongatus Motsch. (Coleoptera, Scolytidae). Revue d’Entomologie de l’Urss 63, 40-42."
64,"Gusteleva, L.A., 1980. Beauveria bassiana (Bals) Vuill preparation effect on Ips subelongatus Motsch. Leatsch results of the test. Izvestiya Sibirskogo Otdeleniya Akademii Nauk Sssr Seriya Biologicheskikh Nauk 1980, 49–54."
65,"Haidler B. 1998. Pathogene und Parasiten von ichtenborkenkäfern in einem Fichtenbestand am Achner Kogel bei Tamsweg. Diploma thesis, Formal- und Naturwissenschaftliche Fakultät der niversität Wien."
66,"Haidler, B.,Wegensteiner, R., Weiser, J., 2003. Occurrence of microsporidia and other pathogens in associated living spruce bark beetles (Coleoptera: Scolytidae) in an Austrian forest. IOBC/wprs Bull. 26, 257–260."
67,"Hallet S., J.C. Gregoire & J. Coremans-Pelseneer 1994. Prospects in the use of the entomopathogenous fungus Beauveria bassiana (Bals.) Vuill. (Deuteromycetes: Hyphomycetes) to control the spruce bark beetle Ips typographus L. (Coleoptera: Scolytidae). Mededelingen Faculteit Landbouwkundige en Toegepaste Biologische Wetenschappen Universiteit Gent 59, 379-83."
68,"Handel, U., Wegensteiner, R., 2005. Occurrence of pathogens in bark beetles (Coleoptera, Scolytidae) from Alpine pine (Pinus cembra L.). IOBC/wprs Bull 28, 155–158."
69,"Harrar, J. G., & Martland, J. G. (1940). A fungous Parasite of the Pine Bark Beetle."
70,"Hoffard, W.H., Coster, J.E., 1976. Endoparasitic nematodes of Ips Bark beetles in eastern Texas. Environ. Entomol. 5, 128–132."
71,"Holusa, J., Weiser, J., & Drapela, K. (2007). Pathogens of Ips duplicatus (Coleoptera: Scolytidae) in three areas in Central Europe. Acta Protozoologica, 46(2), 157-167."
72,"Holusa, J., Weiser, J., & Zizka, Z. (2009). Pathogens of the spruce bark beetles Ips typographus and Ips duplicatus. Central European Journal of Biology, 4(4), 567-573."
73,"Holuša, J., Lukášová, K., Hubáčková, J., Knížek, M., & Wegensteiner, R. (2017). Pathogens and nematodes associated to three bark beetle species of the genus Orthotomicus (Coleoptera Curculionidae) in central-south Europe. Bulletin of Insectology, 70(2), 291-297."
74,"Holuša, J., Lukášová, K., Wegensteiner, R., Grodzki, W., Pernek, M., & Weiser, J. (2013). Pathogens of the bark beetle Ips cembrae: microsporidia and gregarines also known from other Ips species. Journal of applied entomology, 137(3), 181-187."
75,"Holuša, J., Lukášová, K., Žižka, Z., Händel, U., Haidler, B., & Wegensteiner, R. (2016). Occurrence of Microsporidium sp. and other pathogens in Ips amitinus (Coleoptera: Curculionidae). Acta Parasitologica, 61(3), 621-628."
76,"Houle C., G.C. Hartmann & S.S. Wasti 1987. Infectivity of eight species of entomogenous fungi to the larvae of the elm bark beetle, Scolytus multistriatus (Marsham). Journal of the New York Entomological Society 95, 14-18."
77,"Hunt, D. W. A., Borden, J. H., Rahe, J. E., & Whitney, H. S. (1984). Nutrient-mediated germination of Beauveria bassiana conidia on the integument of the bark beetle Dendroctonus ponderosae (Coleoptera: Scolytidae). Journal of Invertebrate Pathology, 44(3), 304-314."
78,"Hyblerová, S., Medo, J., & Barta, M. (2021). Diversity and prevalence of entomopathogenic fungi (Ascomycota, Hypocreales) in epidemic populations of bark beetles (Coleoptera, Scolytinae) in spruce forests of the Tatra National Park in Slovakia. Annals of Forest Research, 64(1), 129-145."
79,"Händel U. 2001. Untersuchungen zum Gegenspielerkomplex assoziiert lebender Fichtenborkenkäfer (Col., Scolytidae) aus naturnahen und sekundären Fichtenbeständen unter besonderer Berücksichtigung der Pathogene. PhD thesis, Universität für Bodenkultur Wien."
80,"Händel U., M. Kenis & R. Wegensteiner 2001. Untersuchungen zum Vorkommen von Pathogenen und Parasiten in Populationen überwinternder Fichtenborkenkäfer (Col., Scolytidae). Mitteilungen der Deutschen Gesellschaft für allgemeine und angewandte Entomologie 13, 423-28."
81,"Händel, U., Wegensteiner, R., Weiser, J., & Zizka, Z. (2003). Occurrence of pathogens in associated living bark beetles (Col., Scolytidae) from different spruce stands in Austria. Anzeiger für Schädlingskunde= Journal of pest science, 76(1), 22-32."
82,Identification of Entomopathogenous Fungus and Pathogenicity Test  of Phloeosinus sinensis Adult
83,"Imnadze T.S. 1978. Characteristics of strains of Bacillus thuringiensis serotype I isolated from bark beetles in Georgia. Soobshcheniya Akademii Nauk Gruzinskoi SSR 92, 457-60. In: Review of Applied Entomology, Ser. A, Vol. 68, 1980, no. 2616, p. 328."
84,Isolation and Identification of Beauveria bassiana Strain Bb-QJC2 and Evaluation of its Pathogenicity Against the Coffee Berry Borer (Hypothenemus hampei)
85,"Jakus, R., & Blazenec, M. (2011). Treatment of bark beetle attacked trees with entomopathogenic fungus Beauveria bassiana (Balsamo) Vuillemin. Folia Forestalia Polonica. Series A. Forestry, 53(2)."
86,"Jankevica, LĪGA. (2004). Ecological associations between entomopathogenic fungi and pest insects recorded in Latvia. Latvijas entomologs, 41, 60-65."
87,"Jassim H.K., H.A. Foster & C.P. Fairhurst 1990. Biological control of Dutch elm disease: Bacillus thuringiensis as a potential control agent for Scolytus scolytus and S. multistriatus. Journal of Applied Bacteriology 69, 563-68."
88,"Jouvenaz D.P. & R.C. Wilkinson 1970. Incidence of Serratia marcescens in Wild Ips calligraphus Populations in Florida. Journal of Invertebrate Pathology 16, 295-96."
89,"Jurc, M. (2004). insect pathogens with special reference to pathogens of bark beetles (COL. Solytidae: Ips typographus L.): preliminary results of isolation of entomopathogenic fungi from two spruce bark beetles in Slovenia. Zbornik gozdarstva in lesarstva. forest and wood science & technology, 74, 97-124."
90,"Karpinski J.J. 1935. Les causes qui limitent la reproduction de Bostryches typographes (Ips typographus L. et Ips duplicatus Sahlb.) dans la foret primitive. Inst.Rech.Forets doman., Trav., Compt.rend., Ser. A, Warszawa 15, 1-86, cit. in: Müller-Kögler E. 1965. Pilzkrankheiten bei Insekten. P. Parey."
91,"Keller, S., Epper, C., & Wermelinger, B. (2004). Metarhizium anisopliae as a new pathogen of the spruce bark beetle Ips typographus."
92,"Kepenekci, I., Toksöz, S., Atay, T., & Saruhan, I. (2018). Efficacyof of entomopathogenic nematode isolates from Turkey and Kyrgyzstan against black timber bark beetle, Xylosandrus germanus (Blandford)(Coleoptera: Curculionidae: Scolytinae) adults. Pakistan Journal of Nematology, 36(1), 65-70."
93,"Kerchev, I. A., Kryukov, V. Y., Yaroslavtseva, O. N., Polovinko, G. P., Tokarev, Y. S., & Glupov, V. V. (2017). The first data on fungal pathogens (ascomycota, hypocreales) in the invasive populations of four-eyed fir bark beetle Polygraphus proximus Blandf. Russian journal of biological invasions, 8(1), 34-40."
94,"Kereselidze, M., & Wegensteiner, R. (2007). Occurrence of pathogens and parasites in Ips typographus L. from spruce stands (Picea orientalis L.) in Georgia. IOBC wprs Bulletin, 30(1), 207."
95,"Kereselidze, M., Wegensteiner, R., Goginashvili, N., Tvaradze, M., & Pilarska, D. (2010). Further studies on the occurrence of natural enemies of Ips typographus (Coleoptera: Curculionidae: Scolytinae) in Georgia. Acta zool. bulg, 62(2), 131-139."
96,"Khanday, A. L., & Buhroo, A. A. (2018). An assessment of biological control of Polygraphus major Stebbing, 1903 (Coleoptera: Curculionidae) by entomopathogenic fungi. Journal of Forest Science, 64(4), 178-186."
97,"Khanday, A. L., Buhroo, A. A., Ranjith, A. P., & Kerchev, I. A. (2018). Evaluating the efficacy of entomopathogenic fungi against the bark beetle, Ips stebbingi Strohmeyer (Coleoptera, Curculionidae: Scolytinae) in India. Entomological Review, 98(8), 985-994."
98,"Khanday, A. L., Buhroo, A. A., Ranjith, A. P., & Mazur, S. (2018). Laboratory evaluation of entomopathogenic fungi as biological control agents against the bark beetle Pityogenes scitus Blandford (Coleoptera: Curculionidae) in Kashmir. Folia Forestalia Polonica. Series A. Forestry, 60(2)."
99,"Kinn, D. N., & Stephen, F. M. (1981). The incidence of endoparasitism of Dendroctonus frontalis Zimm.(Coleoptera: Scolytidae) by Contortylenchus brevicomi (Massey) Rühm (Nematoda: Sphaerulariidae) 1. Zeitschrift für Angewandte Entomologie, 91(1‐5), 452-458."
100,"Kirchhoff J.-F. & E. Führer 1985. Häufigkeit und Verbreitung von Malamoeba scolyti Purrini bei Dryocoetes autographus in einigen Gebieten Nord- und Nordwestdeutschlands. Forstwissenschaftliches Centralblatt 104, 373-80."
101,"Kirchhoff J.-F. & E. Führer 1990. Experimentelle Analyse der Infektion und des Entwicklungszyklus von Malamoeba scolyti in Dryocoetes autographus (Coleoptera: Scolytidae). Entomophaga 35 (4), 537-44."
102,"Kirschner R. 2001. Diversity of Filamentous Fungi in Bark Beetle Galleries in Central Europe. In: Trichomycetes and Other Fungal Groups: Professor Robert W. Lichtwardt Commemoration Volume, Editors-J. K. Misra and Bruce W. Horn, Science Publishers, Inc., Enfield (NH), USA, 175-96."
103,"Kleespies, R. G., Lim, Y. W., Tkaczuk, C., Wrzosek, M., Steinwender, B. M., & Wegensteiner, R. (2017). Metschnikowia cf. typographi and other pathogens from the bark beetle Ips sexdentatus–Prevalence, histological and ultrastructural evidence, and molecular characterization. Journal of invertebrate pathology, 143, 69-78."
104,"Kleine, R. (1944). Die europäischen Borkenkäfer und die bei ihnen lebenden Räuber Parasiten und Commensalen.(Ipidae). Publications of famous biologists-a collection of prints."
105,"Knell J.D. & G.E. Allen 1978. Morphology and Ultrastructure of Unikaryon minutum sp.n. (Microsporidia: Protozoa), a Parasite of the Southern Pine Beetle, Dendroctonus frontalis. Acta Protozoologica 17, 271-78."
106,"Kocacevik, S., Sevim, A., Eroglu, M., Demirbag, Z. İ. H. N. İ., & Demir, I. (2015). Molecular characterization, virulence and horizontal transmission of B eauveria pseudobassiana from D endroctonus micans (K ug.)(C oleoptera: C urculionidae). Journal of Applied Entomology, 139(5), 381-389."
107,"Kocacevik, S., Sevim, A., Eroğlu, M., Demirbağ, Z., & Demir, I. (2016). Virulence and horizontal transmission of Beauveria pseudobassiana SA Rehner & Humber in Ips sexdentatus and Ips typographus (Coleoptera: Curculionidae). Turkish Journal of Agriculture and Forestry, 40(2), 241-248."
108,"Kohlmayr B., J. Weiser, R. Wegensteiner, U. Händel & Z. Zizka 2003. Infection of Tomicus piniperda (Col., Scolytidae) with Canningia tomici sp.n. (Microsporidia, Unikaryonidae). Journal of Pest Science 76, 65-73."
109,"Kraberger, S., Hofstetter, R. W., Potter, K. A., & Varsani, A. (2018). Genomoviruses associated with mountain and western pine beetles. Virus research, 256, 17-20."
110,"Krams, I., Daukšte, J., Kivleniece, I., Brūmelis, G., Cibuļskis, R., Āboliņš-Ābols, M., ... & Krama, T. (2012). Drought-induced positive feedback in xylophagous insects: Easier invasion of Scots pine leading to greater investment in immunity of emerging individuals. Forest Ecology and Management, 270, 147-152."
111,"Kreutz J., G. Zimmermann, H. Marohn, O. Vaupel & G. Mosbacher 2000a. Möglichkeiten des Einsatzes von Beauveria bassiana (Bals.) Vuill. und anderen Kontrollmethoden zur biologischen Bekämpfung des Buchdruckers Ips typographus L. (Col., Scolytidae) im Freiland. Mitteilungen der Deutschen Gesellschaft für allgemeine und angewandte Entomologie 12, 119-25."
112,"Kreutz J., G. Zimmermann, H. Marohn, O. Vaupel & G. Mosbacher 2000b. Preliminary investigations on the use of Beauveria bassiana (Bals.) Vuill. and other control methods against the bark beetle Ips typographus (Col., Scolytidae) in the field. IOBC/wprs Bulletin 23 (2), 167-73."
113,"Kreutz, J., Vaupel, O., & Zimmermann, G. (2004). Efficacy of Beauveria bassiana (Bals.) Vuill. against the spruce bark beetle, Ips typographus L., in the laboratory under various conditions. Journal of Applied Entomology, 128(6), 384-389."
114,"Kreutz, J., Zimmermann, G., & Vaupel, O. (2004). Horizontal transmission of the entomopathogenic fungus Beauveria bassiana among the spruce bark beetle, Ips typographus (Col., Scolytidae) in the laboratory and under field conditions. Biocontrol Science and Technology, 14(8), 837-848."
115,"Kushiyev, R., Tuncer, C., Erper, I., Ozdemir, I. O., & Saruhan, I. (2018). Efficacy of native entomopathogenic fungus, Isaria fumosorosea, against bark and ambrosia beetles, Anisandrus dispar Fabricius and Xylosandrus germanus Blandford (Coleoptera: Curculionidae: Scolytinae). Egyptian Journal of Biological Pest Control, 28(1), 55."
116,"Kushiyev, R., Tunçer, C., Özdemir, İ. O., Erper, İ., Kalendar, R., Alkan, M., & Özer, G. (2022). Molecular characterization of native entomopathogenic fungi from ambrosia beetles in hazelnut orchards of Turkey and evaluation of their in vitro efficacy. Insects, 13(9), 824."
117,"Landa Z., P. Hornak, L.S. Osborne, A. Novakova & E. Bursova 2001. Entomogenous fungi associated with spruce bark beetle Ips typographus L. (Coleoptera, Scolytidae) in the Bohemian Forest. Silva Gabreta 6, 250-72."
118,"Landa, Z., Bielikova´, L., Osborne, L.S., Bobkova´, E., 2001b. Assesment of isolates of entomogenous fungi collected from spruce bark beetle Ips typographus L. (Coleoptera, Scolytidae) in the Bohemian Forest. Silva Gabreta 6, 273–286."
119,"Laucius S. & P. Zolubas 1997. Spruce bark beetle (Ips typographus L.) dynamics in forest reserve in 1995-1996. Miskininkyste 1 (39), 84-92."
120,"Leatherdale D. 1970. The arthropod hosts of entomogenous fungi in Britain. Entomophaga 15, 419-35."
121,"Lestari, A. S. (2016). Isolation and pathogenicity of naturally occurring entomopathogenic fungi to clover root borer (Coleoptera: Curculionidae: Scolytinae), a pest of red clover seed crops."
122,"Li, J. X., Fernandez, K. X., Ritland, C., Jancsik, S., Engelhardt, D. B., Coombe, L., ... & Birol, I. (2023). Genomic virulence features of Beauveria bassiana as a biocontrol agent for the mountain pine beetle population. BMC genomics, 24(1), 390."
123,"Lieutier, F. (1984). Les perturbations induites par Parasitorhabditis ipsophila (Nematoda: Rhabditidae) dans le tube digestif d’Ips sexdentatus (Insecta: Scolytidae). Annales de parasitologie humaine et comparée, 59(6), 597-605."
124,"Lieutier, F. (1984). Observations on the parasitism of Ips sexdentatus (Insecta: Scolytidae) by Parasitorhabditis ipsophila (Nematoda: Rhabditidae). Annales de parasitologie humaine et comparée , 59 (5), 507-520."
125,"Lieutier, F. (1984). Observations sur le parasitisme d’Ips sexdenta tus (Insecta: Scolytidae) par Parasitorhabditis ipsophila (Nematoda: Rhabditidae). Annales de parasitologie humaine et comparée, 59(5), 507-520."
126,"Lieutier, F., & Laumond, C. (1978). Nématodes parasites et associés à Ips sexdentatus et Ips typographus (Coleoptera, Scolytidae) en région parisienne. Nematologica, 24(2), 184-200."
127,"Lieutier, F., Jastrabsky, M., & Bonnafe, P. (1982). Les variations pondérales du tissu adipeux et des ovaires, et les variations de longueur des ovocytes, chez Ips sexdentatus Boern (Coleoptera: Scolytidae); relations avec le parasitisme par les nématodes. Annales de Parasitologie Humaine et Comparée, 57(4), 407-418."
128,"Lipa J.J. 1968. Stempellia scolyti Weiser com.nov. and Nosema scolyti n.sp. microsporidian parasites of four species of Scolytus (Coleoptera). Acta Protozoologica 6, 69-78."
129,"Liu, J., Jiang, N., Gao, H., Lai, S., Zhou, Y., Hao, D., & Dai, L. (2025). Laboratory exploration of several potential biocontrol methods against the Ambrosia beetle, Euwallacea interjectus. Insects, 16(1), 56."
130,"Lukášová, K., & Holuša, J. (2015). Comparison of pathogens infection level in Ips typographus (Coleoptera: Curculionidae) beetles sampled in pheromone traps and at place of overwintering. Acta Parasitologica, 60(3), 462-465."
131,"Lukášová, K., Holuša, J., & Turčáni, M. (2013). Pathogens of Ips amitinus: new species and comparison with I ps typographus. Journal of Applied Entomology, 137(3), 188-196."
132,"Lutyk P. & H. Swiezynska 1984. Trials to control the larger pine-shoot beetle (Tomicus piniperda L.) with the use of the fungus Beauveria bassiana (Bals.) Vuill. on piled wood. Sylwan, 9, 41-45."
133,"Lysenko, O. (1959). Report on diagnosis of bacteria isolated from insects (1954–1958). Entomophaga, 4(1), 15-22."
134,"MacGuidwin, A. E., Smart Jr, G. C., Wilkinson, R. C., & Allen, G. E. (1980). Effect of the nematode Contortylenchus brevicomi on gallery construction and fecundity of the southern pine beetle. Journal of nematology, 12(4), 278."
135,"Magema N., C. Verstraeten & C. Gaspar 1981. Les ennemis naturels du scolyte Trypodendron lineatum (Olivier, 1795) (Coleopetra, Scolytidae) dans la forest de Hazeilles et des Epioux. Annales de la Societe Royale Zoologique de Belgique 111, 89-95."
136,"Mann, A. J., & Davis, T. S. (2020). Plant secondary metabolites and low temperature are the major limiting factors for Beauveria bassiana (Bals.-Criv.) Vuill.(Ascomycota: Hypocreales) growth and virulence in a bark beetle system. Biological Control, 141, 104130."
137,"Markova, G. (2000). Pathogenicity of several entomogenous fungi to some of the most serious forest insect pests in Europe."
138,"Massey, C. L. (1956). Nematode parasites and associates of the Engelmann spruce beetle (Dendroctonus engelmanni Hopk.)."
139,"Massey, C. L. (1957). Four new species of Alphelenchulus (Nematoda) parasitic in bark beetles in the United States."
140,"Massey, C. L. (1960). Nematode parasites and associates of the California five-spined engraver, Ips confusus (Lec.)."
141,"Massey, C. L. (1966). The nematode parasites and associates of Dendroctonus adjunctus (Coleoptera: Scolytidae) in New Mexico. Annals of the Entomological Society of America, 59(3), 424-440."
142,"Massey, C. L. (1974). Biology and taxonomy of nematode parasites and associates of bark beetles in the United States (No. 446). Forest Service, US Department of Agriculture."
143,"Massey, C.L., 1964a. The nematode parasites and associates of the fir engraver beetle, Scolytus ventralis Le Conte, in New Mexico. J. Insect Pathol. 6, 133–155."
144,"Massey, C.L., 1964b. Two new species of the nematode genus Ektaphelenchus (Nematoda: Aphelenchoididae) parasites of bark beetles in the south-western United States. Proc. Helminthol. Soc. Wash. 31, 37–40."
145,"Massey, C.L., 1969. New species of tylenchs associated with bark beetles in New Mexico and Colorado. Proc. Helminthol. Soc. Wash. 64, 43–52."
146,"Matha V. & J. Weiser 1985. Effect of the fungus Beauveria bassiana on adult bark beetles Ips typographus. Conference Biological and Biotechnical Control of Forest Pests, Tabor (CSFR)."
147,"Michalková, V., Krascsenitsová, E., & Kozánek, M. (2012). On the pathogens of the spruce bark beetle Ips typographus (Coleoptera: Scolytinae) in the Western Carpathians. Biologia, 67(1), 217-221."
148,"Milosavljević, M., Tabaković-Tošić, M., Radulović, Z., Marković, M., & Rindoš, M. (2021). Isolation, identification and phylogenetic position of entomopathogenic fungus Beauveria bassiana from Ips typographus in Serbia. Fresenius Environ. Bull, 30, 9443-9448."
149,"Milosavljević, M., Tabaković-Tošić, M., Stajić, S., Mitrović, S., Radulović, Z., Poduška, Z., & Gavrilović, B. (2026). Biocontrol Potential of Indigenous Beauveria bassiana Strain Against Ips typographus from Tara National Park Under Varying Temperature Regimes. Šumarski list, 150(5-6), 219-227."
150,"Monzón, A., Klingen, I., Guharay, F., & Papierok, B. (2007). Naturally occurring Beauveria bassiana in Hypothenemus hampei populations in unsprayed coffee fields. IOBC WPRS BULLETIN, 30(1), 131."
151,"Moore G.E. 1971. Mortality Factors Caused by Pathogenic Bacteria and Fungi of the Southern Pine Beetle in North Carolina. Journal of Invertebrate Pathology 17, 28-37."
152,"Moore G.E. 1972. Microflora from the Alimentary Tract of Healthy Southern Pine Beetles, Dendroctonus frontalis (Scolytidae), and Their Possible Relationship to Pathogenicity. Journal of Invertebrate Pathology 19, 72-75."
153,"Moore, G. E. (1970). Isolating entomogenous fungi and bacteria, and tests of fungal isolates against the southern pine beetle."
154,"Moore, G. E. (1973). Pathogenicity of three entomogenous fungi to the southern pine beetle at various temperatures and humidities. Environmental Entomology, 2(1), 54-57."
155,"Moore, G.E., 1972. Pathogenicity of ten strains of bacteria to larvae of the southern pine beetle. J. Invertebr. Pathol. 20, 41–45."
156,"Mudrončeková, S., Mazáň, M., & Nemčovič, M. (2013). Entomopathogenic fungus species Beauveria bassiana (Bals.) and Metarhizium anisopliae (Metsch.) used as mycoinsecticide effective in biological control of Ips typographus (L.). Journal of Microbiology, Biotechnology and Food Sciences, 2(6), 2469-2472."
157,"Muratoǧlu, H., Sezen, K., & Demirbaǧ, Z. (2011). Determination and pathogenicity of the bacterial flora associated with the spruce bark beetle, Ips typographus (L.)(Coleoptera: Curculionidae: Scolytinae). Turkish Journal of Biology, 35(1), 9-20."
158,"Natali, V., Paparatti, B., & Canganella, F. (1994). Microorganisms carried by Xyleborus dispar (F.)(Coleoptera, Scolytidae) females, collected on European hazel trees in the area surrounding the lake of Vico (Viterbo, central Italy)."
159,"Nel, W. J., Slippers, B., Wingfield, M. J., Yilmaz, N., & Hurley, B. P. (2023). Efficacy of commercially available entomopathogenic agents against the polyphagous shot hole borer in South Africa. Insects, 14(4), 361."
160,"Nickle, W. R. (1963). Observations on the effect of nematodes on Ips confusus (LeConte) and other bark beetles."
161,"Nickle, W. R. (1971). Behavior of the shothole borer, Scolytus rugulosus, altered by the nematode parasite Neoparasitylenchus rugulosi. Annals of the Entomological Society of America, 64(3), 751-751."
162,"Novotny J. & M. Turcani 2000. The results of experimental treatment of biopreparation on the basis of Bacillus thuringiensis var. tenebrionis Berl. for control of Ips typographus L. (Col., Scolytidae). Lesnicky casopis (Forestry Journal) 46, 303-10."
163,"Nuorteva M. & M. Salonen 1968. Versuche mit Beauveria bassiana (Bals.) Vuill. gegen Blastophagus piniperda L. (Col., Scolytidae). Annales Entomologici Fennici 34, 49-55."
164,"Odabas Alver, D., & Ertürk, Ö. (2018). Effects of four soil-originated Bacillus spp. on the great spruce bark beetle, Dendroctonus micans (Kugelann)(Coleoptera: Curculionidae, Scolytinae). Egyptian Journal of Biological Pest Control, 28(1), 70."
165,"Olatinwo, R., Walters, S., & Strom, B. (2018). Impact of Beauveria bassiana (Ascomycota: Hypocreales) on the Small Southern Pine Engraver (Coleoptera: Scolytidae) in a Loblolly Pine Bolt Assay1. Journal of Entomological Science, 53(2), 180-191."
166,"Pabst, G. S., & Sikorowski, P. P. (1981). Susceptibility of southern pine beetle (Dendroctonus frontalis) on oligidic medium to Paecilomyces viridis and also Beauveria bassiana, and Metarhizium anisopliae."
167,Pathogenicity and Sustainable Control Ｒole of Beauveria bassiana on Bark Beetles
168,Pathogenicity of Metaarhizium anisopliae Strains against Blastophagum spp.
169,"Pavlov, I. N., Litovka, Y. A., Golubev, D. V., Astapenko, S. A., Chromogin, P. V., Usoltseva, Y. V., ... & Petrenko, S. M. (2020). Mass reproduction of Polygraphus proximus Blandford in fir forests of Siberia infected with root and stem pathogens: monitoring, patterns, and biological control. Contemporary Problems of Ecology, 13(1), 71-84."
170,"Pavlov, I. N., Vasaitis, R., Litovka, Y. A., Timofeev, A. A., & Menkis, A. (2023). Infestation by Ips amitinus (Eichhoff, 1872), its associated fungi, and butt rots in stands of Pinus sibirica in South-Western Siberia. Forests, 14(12), 2383."
171,"Pernek, M. (2007). Influence of the entomopathogenic fungi Beauveria bassiana on the mortality of fir bark beetles Pityokteines spinidens and Pityokteines curvidens. Radovi, 42(2), 143-153."
172,"Pernek, M., Matošević, D., Hrašovec, B., Kučinić, M., & Wegensteiner, R. (2009). Occurrence of pathogens in outbreak populations of Pityokteines spp.(Coleoptera, Curculionidae, Scolytinae) in silver fir forests. Journal of Pest Science, 82(4), 343-349."
173,"Pesson P., C. Toumonoff & C. Chararas 1955. Étude des epizooties bactériennes observées dans les élevages d’insectes xylophages. Annales Épiphyties 6, 315-28."
174,"Petch, T., 1932. A list of the entomogenous fungi of Great Britain. T. Brit. Mycol. Soc. 17, 170–178."
175,"Pilarska, D., Georgiev, G., Dobreva, M., Takov, D., Mirchev, P., Doychev, D., ... & Hajek, A. E. (2018). Pathogens and parasitoids of forest pest insects in the region of Forest Protection Station Plovdiv during the period 1990–2017. Silva, 19, 3."
176,"Prazak R. 1988. Die Wirkung des insektenpathogenen Pilzes Beauveria bassiana (Bals.) Vuill. auf den Gestreiften Nutzholzborkenkäfer Trypodendron lineatum Oliv. (Coleoptera: Scolytidae). PhD thesis, Universität für Bodenkultur Wien."
177,"Prazak R. 1991. Studies on indirect infection of Trypodendron lineatum Oliv. with Beauveria bassiana (Bals.) Vuill. Journal of Applied Entomology 111, 431-41."
178,"Prazak R. 1997. Laboratory evaluation of Beauveria bassiana (Bals.) Vuill. (Deuteromycotina: Hyphomycetes) against Trypodendron lineatum Oliv. (Coleopetra: Scolytidae). Journal of Plant Diseases and Protection 104, 459-65."
179,Pultar O. & J. Weiser 1999. Infection of Ips typographus with entomopoxvirus in the forest. Poster at 7th IOBC/wprs meeting in Vienna.
180,"Purrini K. & E. Führer 1979. Experimentelle Infektion von Pityogenes chalcographus L. (Col.: Scolytidae) durch Malamoeba scolyti Purrini (Amoebina, Amoebidae) und Menzbieria chalcographi Weiser (Neogregarina, Ophryocystidae). Anzeiger für Schädlingskunde, Pflanzenschutz, Umweltschutz 52, 167-73."
181,"Purrini K. & J. Halperin 1982. Nosema calcarati n.sp. (Microsporidia), a new parasite of Pityogenes calcaratus Eichhoff (Col., Scolytidae). Zeitschrift für angewandte Entomologie 94, 87-92."
182,"Purrini K. & J. Weiser 1984. Light- and electron microscopic studies of Chytridiopsis typographi (Weiser 1954) Weiser 1970 (Microspora), parasitizing the bark beetle Hylastes cunicularius Er. Zoologischer Anzeiger, Jena 212, 369-76."
183,"Purrini K. & J. Weiser 1985. Ultrastructural study of the microsporidian Chytridiopsis typographi (Chytridiopsida: Microspora) infecting the bark beetle Ips typographus (Scolytidae: Coleoptera), with new data on spore dimorphism. Journal of Invertebrate Pathology 45, 66-74."
184,"Purrini K. & R. Ormieres 1981. On three new sporozoan parasites of bark beetles (Scolytidae, Coleoptera). Zeitschrift für angewandte Entomologie 91, 67-74."
185,"Purrini K. & Z. Zizka 1983. More on the life cycle of Malamoeba scolyti (Amoebidae: Sarcomastigophora) parasitizing the bark beetle Dryocoetes autographus (Scolytidae, Coleoptera). Journal of Invertebrate Pathology 42, 96-105."
186,"Purrini K. 1975. Zur Kenntnis der Krankheiten des Großen Ulmensplintkäfers, Scolytus scolytus F. im Gebiet von Kosovo, Jugoslawien. Anzeiger für Schädlingskunde, Pflanzenschutz, Umweltschutz 48, 154-56."
187,"Purrini K. 1977. Über eine neue Schizogregarinen-Krankheit der Gattung Mattesia Naville (Sporozoa, Dischizae) des Zottigen Fichtenborkenkäfers, Dryocoetes autographus Ratz (Coleoptera, Scolytidae). Anzeiger für Schädlingskunde, Pflanzenschutz, Umweltschutz 50, 132-35."
188,"Purrini K. 1978. Protozoen als Krankheitserreger bei einigen Borkenkäferarten (Col., Scolytidae) im Königsee-Gebiet, Oberbayern. Anzeiger für Schädlingskunde, Pflanzenschutz, Umweltschutz 51, 171-75."
189,"Purrini K. 1978. Über Malamoeba locustae King and Taylor (Protozoa, Rhizopoda, Amoebidae) beim Zottigen Fichtenborkenkäfer, Dryocoetes autographus Ratz (Col.: Scolytidae). Anzeiger für Schädlingskunde, Pflanzenschutz, Umweltschutz 51, 139-41."
190,"Purrini, K. (1980). Malamoeba scolyti sp. n.(Amoebidae, Rhizopoda, Protozoa) parasitizing the bark beetles, Dryocoetes autographus Ratz., and Hylurgops palliatus Gyll.(Scolytidae, Coleoptera). Archiv für Protistenkunde, 123(3), 358-366."
191,"Reay, S. D., Brownbridge, M., Cummings, N. J., Nelson, T. L., Souffre, B., Lignon, C., & Glare, T. R. (2008). Isolation and characterization of Beauveria spp. associated with exotic bark beetles in New Zealand Pinus radiata plantation forests. Biological Control, 46(3), 484-494."
192,"Reay, S. D., Brownbridge, M., Gicquel, B., Cummings, N. J., & Nelson, T. L. (2010). Isolation and characterization of endophytic Beauveria spp.(Ascomycota: Hypocreales) from Pinus radiata in New Zealand forests. Biological Control, 54(1), 52-60."
193,"Rehner, S. A., Posada, F., Buckley, E. P., Infante, F., Castillo, A., & Vega, F. E. (2006). Phylogenetic origins of African and Neotropical Beauveria bassiana sl pathogens of the coffee berry borer, Hypothenemus hampei. Journal of invertebrate pathology, 93(1), 11-21."
194,Research on using Beauveria bassiana to control Dendroctonus valens
195,"Reynoso-López, E. A., Méndez-Hernández, J. E., Ek-Ramos, J., Montesinos-Matías, R., & Loera, O. (2021). Metarhizium robertsii in combination with Trichoderma asperellum reduce the malathion doses used to control ambrosia beetles: the case of Xyleborus affinis. Biocontrol Science and Technology, 31(10), 1080-1097."
196,"Rosana, A. R. R., Pokorny, S., Klutsch, J. G., Ibarra-Romero, C., Sanichar, R., Engelhardt, D., ... & Vederas, J. C. (2021). Selection of entomopathogenic fungus Beauveria bassiana (Deuteromycotina: Hyphomycetes) for the biocontrol of Dendroctonus ponderosae (Coleoptera: Curculionidae, Scolytinae) in Western Canada. Applied Microbiology and Biotechnology, 105(6), 2541-2557."
197,Scanning electron microscopy and pathogenicity of Beauveria bassiana infection with Hylurgus ligniperda
198,"Schebeck, M., Wrzosek, M., Clausi, M., Tarasco, E., Tkaczuk, C., & Wegensteiner, R. (2016). First record of Beauveria bassiana on Tomicus minor in Sicily."
199,Screening of highly virulent strains of fungi entomopathogenic to Scolytus schevyrewi Semenov
200,"Sevim, A., Demir, I., Tanyeli, E., & Demirbağ, Z. (2010). Screening of entomopathogenic fungi against the European spruce bark beetle, Dendroctonus micans (Coleoptera: Scolytidae). Biocontrol Science and Technology, 20(1), 3-11."
201,"Sikorowski P.P., A.M. Lawrence, T.E. Nebeker & T.S. Price 1996. Virus and Virus-like Particles Found in Southern Pine Beetle Adults in Mississippi and Georgia. Mississippi Agricultural & Forestry Experiment Station Technical Bulletin 212, 1-9."
202,"Silva, X., Terhonen, E., Sun, H., Kasanen, R., Heliövaara, K., Jalkanen, R., & Asiegbu, F. O. (2015). Comparative analyses of fungal biota carried by the pine shoot beetle (Tomicus piniperda L.) in northern and southern Finland. Scandinavian Journal of Forest Research, 30(6), 497-506."
203,"Slankis, A. (1967). Contortylenchus cylindricus n. sp. and Contortylenchus rarus n. sp.(Tylenchida: Contortylenchidae) parasitic in bark beetles and taxonomic notes on the genus Contortylenchus Ruhm 1956."
204,"Slankis, A. (1969). A new species of endoparasitic nematode, Contortylenchus pseudodiplogaster n. sp. from the bark beetle, Ips sexdentatus."
205,"Srei, N., Lavallée, R., & Guertin, C. (2017). Susceptibility of Dendroctonus simplex to Hypocreales fungi: towards the development of a biological control strategy. Journal of Applied Entomology, 141(6), 487-495."
206,"Steinwender, B. M., Krenn, H. W., & Wegensteiner, R. (2010). Different effects of the insectpathogenic fungus Beauveria bassiana (Deuteromycota) on the bark beetle Ips sexdentatus (Coleoptera: Curculionidae) and on its predator Thanasimus formicarius (Coleoptera: Cleridae). Journal of Plant Diseases and Protection, 117(1), 33-38."
207,Study on the biological control of Steinernema feltiae against Hylurgus ligniperda on the entry log
208,"Sutela, S., Siitonen, J., Ylioja, T., & Vainio, E. J. (2024). Viral diversity in the European spruce bark beetle Ips typographus as revealed through high-throughput sequencing. Crop Protection, 181, 106706."
209,"Tabakovic-Tošic, M., & Milosavljevic, M. (2023). Biological efficacy of the entomopathogenic fungus Beauveria bassiana for controlling the European spruce bark beetle Ips typographus (Coleoptera: Curculionidae) in semi-controlled laboratory conditions."
210,"Takov, D. I., Doychev, D. D., Linde, A., Atanasova Draganova, S., & Kirilova Pilarska, D. (2012). Pathogens of bark beetles (Curculionidae: Scolytinae) and other beetles in Bulgaria. Biologia, 67(5), 966-972."
211,"Takov, D., & Pilarska, D. (2008). Prevalence of Gregarina typographi Fuchs (Apicomplexa: Gregarinidae) and nematodes (Nematoda) in bark beetles (Coleoptera: Scolytinae) from Bulgaria depending on the host gender. Acta zoologica bulgarica, 60(3), 227-232."
212,"Takov, D., & Pilarska, D. (2009). Single and mixed infections in Ips typographus (Coleoptera: Scolytinae) caused by the entomopathogens Entomopoxvirus typographi (Virales), Gregarina typographi (Sporozoa) and Chytridiopsis typographi (Microsporidia). Acta Zool Bulg, 61(1), 45-48."
213,"Takov, D., Doychev, D., Linde, A., Draganova, S., Pilarska, D., 2011. Pathogens of bark beetles (Coleoptera: Curculionidae) in Bulgarian forests. Phytoparasitica 39, 343–352."
214,"Takov, D., Doychev, D., Wegensteiner, R., Pilarska, D., 2007. Study of bark beetle (Coleoptera, Scolytidae) pathogens from coniferous stands in Bulgaria. Acta Zool. Bulg. 59, 87–96."
215,"Takov, D., Pilarska, D., & Wegensteiner, R. (2006). Entomopathogens in Ips typographus (Coleoptera: Scolytidae) from several spruce stands in Bulgaria. Acta zoologica bulgarica, 58(3), 409-420."
216,"Tang X. & M. Fan 1990. Study on DNA and polypeptides of a smallpox virus in Dendroctonus armandi Tsai et Li. Microbiology of Insects Beijing 17, 258-61."
217,"Tanyeli, E., Sevim, A., Demirbag, Z., Eroglu, M., & Demir, I. (2010). Isolation and virulence of entomopathogenic fungi against the great spruce bark beetle, Dendroctonus micans (Kugelann)(Coleoptera: Scolytidae). Biocontrol Science and Technology, 20(7), 695-701."
218,"Thong, C. H., & Webster, J. M. (1972). A Redescription of the bark beetle nematode Contortylenchus brevicomi: Synonym Contortylenchus barberus (Nematoda: Sphaerulariidae). Journal of nematology, 4(3), 213."
219,"Thong, C. H., & Webster, J. M. (1975). Effects of the bark beetle nematode, Contortylenchus reversus, on gallery construction, fecundity, and egg viability of the Douglas fir beetle, Dendroctonus pseudotsugae (Coleoptera: Scolytidae). Journal of Invertebrate Pathology, 26(2), 235-238."
220,"Thong, C. H., & Webster, J. M. (1983). Nematode parasites and associates of Dendroctonus spp. and Trypodendron lineatum (Coleoptera: Scolytidae), with a description of Bursaphelenchus varicauda n. sp. Journal of Nematology, 15(2), 312."
221,"Thorne, G. (1935). Nemic parasites and associates of the mountain pine beetle (Dendroctonus monticolae) in Utah. J. Agric. Res. 51, 131–144."
222,"Toksöz, S., Oksal, E., Saruhan, I., & Kepenekci, I. (2018). Pathogenicity of the entomopathogenic fungus, Purpureocillium lilacinum TR1 against ambrosia beetles, Xylosandrus germanus (Blandford) and Xyleborus dispar (Fabricius)(Coleoptera: Curculionidae: Scolytinae). Mun. Ent. Zool, 13(2), 471-481."
223,"Tomalak M., H.E. Welch & T.D. Galloway 1988. Interaction of Parasitic Nematode Parasitaphelenchus oldhami (Nematoda: Aphelenchoididae) and a Bacterium in Dutch Elm Disease Vector, Hylurgopinus rufipes (Coleoptera: Scolytidae). Journal of Invertebrate Pathology 52, 301-08."
224,"Tonka, T., Pultar, O., & Weiser, J. (2007). Survival of the spruce bark beetle, Ips typographus, infected with pathogens or parasites. IOBC WPRS BULLETIN, 30(1), 211-215."
225,"Tonka, T., Weiser Jr, J., & Weiser, J. (2010). Budding: a new stage in the development of Chytridiopsis typographi (Zygomycetes: Microsporidia). Journal of invertebrate pathology, 104(1), 17-22."
226,"Tonka, T., Weiser, J., & Pultar, O. (2009). Entomopoxvirus in the spruce bark beetle, Ips typograhus and its laboratory management. IUFRO WG, 7(10)."
227,Toxicity of Beauveria bassiana strains against Hypothenemus hampei
228,Toxicity test of several strains of Beauveria bassiana against Tomicus piniperda
229,"Tuncer, C., Kushiyev, R., Erper, I., Ozdemir, I. O., & Saruhan, I. (2019). Efficacy of native isolates of Metarhizium anisopliae and Beauveria bassiana against the invasive ambrosia beetle, Xylosandrus germanus Blandford (Coleoptera: Curculionidae: Scolytinae). Egyptian Journal of Biological Pest Control, 29(1), 28."
230,"Unal, S., Yaman, M., Tosun, O., & Aydin, C. (2009). Occurrence of Gregarina typographi (Apicomplexa, Gregarinidae) and Metschnikowia typographi (Ascomycota, Metschnikowiaceae) in Ips sexdentatus (Coleoptera: Curculionidae, Scolytinae) populations in Kastamonu (Turkey)."
231,"Vakula, J., Nikolov, C., Lalik, M., Horakova, M. K., Rell, S., Galko, J., ... & Barta, M. (2025). Selection, application, and pathogenicity of naturally occurring Beauveria bassiana strains against Ips duplicatus (Coleoptera: Curculionidae, Scolytinae). Biological Control, 204, 105740."
232,"Vanická, H., Lukášová, K., & Holuša, J. (2016). Infection levels of pathogens in the European spruce bark beetle Ips typographus (Coleoptera: Curculionidae) at managed and unmanaged forest locations: a meta-data analysis. Central European Forestry Journal, 62(4), 216-222."
233,Virulence of Metarhizium anisopliae to Xyleborus aquilus Blendford in laboratory
234,"Wegensteiner R. & J. Weiser 1995. A new Entomopoxvirus in the bark beetle Ips typographus (Coleoptera: Scolytidae). Journal of Invertebrate Pathology 65, 203-05."
235,"Wegensteiner R. & J. Weiser 1996a. Untersuchungen zum Auftreten von Pathogenen bei Ips typographus (Coleoptera, Scolytidae) aus einem Naturschutzgebiet im Schwarzwald (Baden-Württemberg). Anzeiger für Schädlingskunde, Pflanzenschutz, Umweltschutz 69, 162-67."
236,"Wegensteiner R. & J. Weiser 1996b. Occurrence of Chytridiopsis typographi (Microspora, Chytridiopsida) in Ips typographus L. (Coleoptera, Scolytidae) field populations and in a laboratory stock. Journal of Applied Entomology 120, 595-602."
237,"Wegensteiner R. & J. Weiser 1998. Infection of Ips typographus from Finland with the Ascomycete Metschnikowia cf. bicuspidata. Poster, 6th European Congress of Entomology, Ceske Budejovice, CR, 23.-29.08.1998, Abstracts vol. 2, 667."
238,"Wegensteiner R. 1992. Untersuchungen zur Wirkung von Beauveria-Arten auf Ips typographus (Coleoptera, Scolytidae). Mitteilungen der Deutschen Gesellschaft für allgemeine und angewandte Entomologie 8, 104-06."
239,"Wegensteiner R. 1994. Chytridiopsis typographi (Protozoa, Microsporidia) and other pathogens in Ips typographus (Coleoptera, Scolytidae). IOBC/wprs Bulletin Vol. 17 (3), 39-42."
240,"Wegensteiner R. 1996. Laboratory evaluation of Beauveria bassiana (Bals.) Vuill. against Ips typographus (Coleoptera, Scolytidae). IOBC/wprs -Bulletin 19 (9), 186-89."
241,"Wegensteiner R., J. Weiser & E. Führer 1996. Observations on the occurrence of pathogens in the bark beetle Ips typographus L. (Coleoptera, Scolytidae). Journal of Applied Entomology 120, 199-204."
242,"Wegensteiner, R., & Weiser, J. (2009). Geographische Verbreitung und Häufigkeit von Pathogenen im Fichtenborkenkäfer Ips typogra phus L.(Coleoptera, Curculionidae) in Europa. Mitt. Dtsch. Ges. Allg. Angew. Entomol, 17, 159-162."
243,"Wegensteiner, R., 2000. Laboratory evaluation of Beauveria bassiana (Bals.) Vuill. and Beauveria brongniartii (Sacc.) Petch against the four eyed spruce bark beetle, Polygraphus poligraphus (L.) (Coleopetra, Scolytidae). IOBC/wprs Bull 23, 161–166."
244,"Wegensteiner, R., Dedryver, C.-A., Pierre, J.-S., 2010. The comparative prevalence and demographic impact of two pathogens in swarming Ips typographus adults: a quantitative analysis of long term trapping data. Agric. For. Entomol. 12, 49–57."
245,"Wegensteiner, R., Epper, C., Wermelinger, B., 2007b. Untersuchungen über das Auftreten und die Dynamik von Pathogenen bei Ips typographus (Coleoptera, Scolytinae) in Befallsherden unter besonderer Berücksichtigung von Protozoen. Mitt. Schweiz. Entomol. Ges. 80, 79–90."
246,"Wegensteiner, R., Lukášová, K., Vanická, H., Zimová, S., Kacprzyk, M., & Holuša, J. (2016). Extremely low infection levels of pathogens and nematodes in Trypodendron spp.(Coleoptera: Curculionidae). Central European Forestry Journal, 62(4), 202-206."
247,"Wegensteiner, R., Stradner, A., & Händel, U. (2014). Occurrence of pathogens in Ips typographus (Coleoptera: Curculionidae) and in other spruce bark beetles from the wilderness reserve Dürrenstein (Lower Austria). Biologia, 69(1), 92-100."
248,"Wegensteiner, R., Tkaczuk, C., Bałazy, S., Griesser, S., Rouffaud, M. A., Stradner, A., ... & Papierok, B. (2015). Occurrence of pathogens in populations of Ips typographus, Ips sexdentatus (Coleoptera, Curculionidae, Scolytinae) and Hylobius spp.(Coleoptera, Curculionidae, Curculioninae) from Austria, Poland and France. Acta Protozoologica, 54(3)."
249,"Wegensteiner, R., Weiser, J., 2004. Annual variation of pathogen occurrence and pathogen prevalence in Ips typographus (Coleoptera, Scolytidae) from the BOKU University Forest Demonstration Centre. J. Pest Sci. 77, 221–228."
250,"Wegensteiner,R., Pernek,M.,Weiser, J., 2007a. Occurrence of Gregarina typographi (Sporozoa, Gregarinidae) and of Metschnikowia typographi (Ascomycota, Metschnikowiaceae) in Ips sexdentatus (Coleoptera, Scolytidae) from Austria. IOBC/wprsBull. 30, 217–220."
251,"Weiser, J. (1954). Beitrag zur Kenntnis der Parasiten des Borkenkäfers Ips typographus I. Věstník Československé Společnosti Zoologické, 18, 179-212."
252,"Weiser, J. (1955). Beitrag zur Kenntnis der Parasiten des Borkenkäfers Ips typographus II. Věstník Československé Společnosti Zoologické, 19, 374-380."
253,"Weiser, J. (1961). A new microsporidian from the bark beetle Pityokteines curvidens Germar (Coleoptera, Scolytidae) in Czechoslovakia."
254,"Weiser, J. (1970). Three new pathogens of the Douglas fir beetle, Dendroctonus pseudotsugae: Nosema dendroctoni n. sp., Ophryocystic dendroctoni n. sp., and Chytridiopsis typographi n. comb. Journal of Invertebrate Pathology, 16(3), 436-441."
255,"Weiser, J., 1968. Plistophora scolyti sp.n. (Protozoa, Microsporidia) a new parasite of Scolytus scolytus F. (Col., Scolytidae). Folia Parasitol. 15, 11–14."
256,"Weiser, J., Holuša, J., & Žižka, Z. (2006). Larssoniella duplicati n. sp.(Microsporidia, Unikaryonidae), a newly described pathogen infecting the double-spined spruce bark beetle, Ips duplicatus (Coleoptera, Scolytidae) in the Czech Republic. Journal of Pest Science, 79(3), 127-135."
257,"Weiser, J., Händel, U., Wegensteiner, R., & Zizka, Z. (2002). Unikaryon polygraphi sp. n.(Protista, Microspora): a new pathogen of the four‐eyed spruce bark beetle Polygraphus poligraphus (Col., Scolytidae). Journal of Applied Entomology, 126(2‐3), 148-154."
258,"Weiser, J., Wegensteiner, R., & Žižka, Z. (1997). Ultrastructures of Nosema typographi Weiser 1955 (Microspora: Nosematidae) of the Bark Beetle Ips typographusL.(Coleoptera; Scolytidae). Journal of invertebrate pathology, 70(2), 156-160."
259,"Weiser, J., Wegensteiner, R., & Žižka, Z. (1998). Unikaryon montanum sp. n.(Protista: Microspora), a new pathogen of the spruce bark beetle, Ips typographus (Coleoptera: Scolytidae). Folia Parasitologica, 45(3), 191-195."
260,"Weiser, J., Wegensteiner, R., 1994. A new entomopoxvirus in the bark beetle Ips typographus (Coleoptera, Scolytidae) in Czechoslovakia. Z. Angew. Zool. 80, 425–434."
261,"Weiser, J., Wegensteiner, R., Händel, U., & Žižka, Z. (2003). Infections with the ascomycete fungus Metschnikowia typographi sp. nov. in the bark beetles Ips typographus and Ips amitinus (Coleoptera, Scolytidae). Folia microbiologica, 48(5), 611-618."
262,"Weiser, J., Wegensteiner, R.,Zizka, Z., 1995. Canningia spinidentis gen. et sp.n. (Protista: Microspora), a new pathogen of the fir bark beetle Pityokteines spinidens. Folia Parasit 42, 1–10."
263,"Whitney, H. S., Ritchie, D. C., Borden, J. H., & Stock, A. J. (1984). the fungus Beauveria bassiana (Deuteromycotina: Hyphomycetaceae) in the western balsam bark beetle, Dryocoetes confusus (Coleoptera: Scolytidae). The Canadian Entomologist, 116(10), 1419-1424."
264,"Williams, G. M., & Ginzel, M. D. (2023). Functional roles of nematodes associated with the walnut twig beetle and eastern black walnut in the inland northwest. Forest Pathology, 53(1), e12791."
265,"Wood, D. L. (1961). The occurrence of Serratia marcescens Bizio in laboratory populations of Ips confusus (Leconte)(Coleoptera, Scolytidae)."
266,"Xu, L., Deng, J., Zhou, F., Cheng, C., Zhang, L., Zhang, J., & Lu, M. (2019). Gut microbiota in an invasive bark beetle infected by a pathogenic fungus accelerates beetle mortality. Journal of Pest Science, 92(1), 343-351."
267,"Xu, L., Zhang, Y., Zhang, S., Deng, J., Lu, M., Zhang, L., & Zhang, J. (2018). Comparative analysis of the immune system of an invasive bark beetle, Dendroctonus valens, infected by an entomopathogenic fungus. Developmental & Comparative Immunology, 88, 65-69."
268,"Yaman, M. (2007). Gregarina typographi Fuchs, a gregarine pathogen of the six-toothed pine bark beetle, Ips sexdentatus (Boerner)(Coleoptera: Curculionidae, Scolytinae) in Turkey. Turkish Journal of Zoology, 31(4), 359-363."
269,"Yaman, M., & Baki, H. (2010). The First Record of Gregarina typographi Fuchs.(Protista: Apicomplexa: Gregarinidae) from the European Spruce Bark Beetle, Ips typographus (Linnaeus)(Coleoptera: Curculionidae: Scoltinae) in Turkey. Turkish journal of Parasitology, 34(4), 179-82."
270,"Yaman, M., & Baki, H. (2011). First Record of Entomopoxvirus of Ips typographus (Linnaeus)(Coleoptera: Curculionidae, Scolytinae) for Turkey. Acta zool. bulg, 63, 199-202."
271,"Yaman, M., & Radek, R. (2008). Pathogens and parasites of adults of the great spruce bark beetle, Dendroctonus micans (Kugelann)(Coleoptera: Curculionidae, Scolytinae) from Turkey. Journal of Pest Science, 81(2), 91-97."
272,"Yaman, M., & Radek, R. (2012). Menzbieria chalcographi, a new neogregarine pathogen of the great spruce bark beetle, Dendroctonus micans (Kugelann)(Curculionidae, Scolytinae). Acta parasitologica, 57(3), 216-220."
273,"Yaman, M., & Radek, R. (2015). Mattesia weiseri sp. nov., a new neogregarine (Apicomplexa: Lipotrophidae) pathogen of the great spruce bark beetle, Dendroctonus micans (Coleoptera: Curculionidae, Scolytinae). Parasitology research, 114(8), 2951-2958."
274,"Yaman, M., Algi, G., Unal, S., & Guner, B. G. (2016). Survey of pathogens and parasites of the engraver beetle Ips acuminatus (Gyllenhal, 1827)(Coleoptera: Curculionidae: Scolytinae) in Turkey. Acta zoologica bulgarica, 68(1), 127-130."
275,"Yaman, M., Ertürk, Ö. & Aslan, İ. (2010) Isolation of some pathogenic bacteria from the great spruce bark beetle, Dendroctonus micans and its specific predator, Rhizophagus grandis . Folia Microbiol 55, 35–38"
276,"Yao, J., Zhang, L., Chen, X., & Li, Z. (2012). A population survey of Beauveria bassiana in the microhabitat of the red turpentine beetle, Dendroctonus valens, in Chinese pine forests. Biocontrol Science and Technology, 22(11), 1254-1267."
277,"Zeiri, A., Ayberk, H., Mejda, D., & Braham, M. (2014). Pathogenic fungus against the almond bark beetle Scolytus amygdali Geurin-Meneville (Coleoptera: Curculionidae: Scolytinae): Aspergillus sp. Egyptian Journal of Biological Pest Control, 24(1), 71."
278,"Zhang, L. W., Liu, Y. J., Yao, J., Wang, B., Huang, B., Li, Z. Z., ... & Sun, J. H. (2011). Evaluation of Beauveria bassiana (Hyphomycetes) isolates as potential agents for control of Dendroctonus valens. Insect Science, 18(2), 209-216."
279,"Zimová, S., Resnerová, K., Vanická, H., Horák, J., Trombik, J., Kacprzyk, M., ... & Holuša, J. (2019). Infection Levels of the Microsporidium Larssoniella duplicati in populations of the invasive bark beetle Ips Duplicatus: from native to new outbreak areas. Forests, 10(2), 131."
280,"Žižka, Z., Weiser, J., & Wegensteiner, R. (1997). Ultrastructures of oocysts of Mattesia sp. in Ips typographus. J Eukaryot Microbiol, 44(98), 26A."
281,"Žižka, Z., Weiser, J., & Wegensteiner, R. (2001). Ultrastructure of the Entomopoxvirus Ab in the bark beetle Ips typographus. In 3rd Conference on Cell Biology, Kopp Publ., České Budějovice (pp. 214-215)."
